Column1;Column2;Column3;Column4;Column5;Column6;Column7;Column8;Column9;Column10;Column11;Column12;Column13;Column14;Column15;Column16;Column17;Column18;Column19;Column20
chrV-71220;129;chrV;269446;40;100M;TY5;5337;0;ATTTCTTGGCAGCTTCGGTTTGTTCCTTGACAACCTTCTTGACAATTTTTAGTTCTTCGATCAAGAAAGCTCTAATAATTCTTTCCTTAACACAGTTGGC;"CC@?B,2FF;<GFJJ#9+CHJJEJIFI(DEI1J9@=<BJGDJJGHIGIII(FGC@JHJJI#HIJHJ4I;IBDG:HCEC'C7(FD@+DDDCCD5@DD<DD@";AS:i:-2;XN:i:0;XM:i:1;XO:i:0;XG:i:0;NM:i:1;MD:Z:50T49;YS:i:-23;YT:Z:DP
chrV-76154;65;chrV;269467;42;100M;TY5;5310;0;GTTCCTTGACAACCTTCTTGACAATTTTTTGTTCTTCGATCAAGAAATCTCTAATAATTCTTTCCTTAACACAGTTGGCAGATCTGGAACCACCGTAAGC;"@CCFFFFDAH+HHE)JJHJJHJJJJJFJI=HJJ?GJJE)=?/JHCJH)AAJH<IFJHIICIA<HDEECHDDHD?CDIFE=(ED;D,F;DDCCEC?BEDDD";AS:i:-4;XN:i:0;XM:i:2;XO:i:0;XG:i:0;NM:i:2;MD:Z:47G32C19;YS:i:-9;YT:Z:DP
chrV-59366;65;chrV;269500;35;100M;TY5;5290;0;CTTCGATCAAGAAAGCTCTAATAATTCTTTCCTTAACACAGTTGGCACATCTGGAACCACCGTAAGCTCTGGAAACAGTCTTGTGGGTCTTGGAAACAGT;"<@@FFF:FFHHBHJJGEJJIJEJ)E:EJGJGH@JJIIJGJJ9=FJ<I?JGIIIHIJHJIJH>DIJ@DF;JE(&FCHEH8DCEBHCHDEDDDDD?CDCDBD";AS:i:0;XN:i:0;XM:i:0;XO:i:0;XG:i:0;NM:i:0;MD:Z:100;YT:Z:UP;
chrV-47696;129;chrV;269502;42;100M;TY5;5301;0;TCGATCAAGAAAGCTCTAATAATTCTTTACTTAACACAGTTGGCACATCTGGAACCACCGTGAGCTCTGGAAACAGTCTTGTGGGTCTTGGAAACAGTGG;"<:CFDF;ADFHFHJHJIEJ@GIGDAIJI#GE?GJJIHJIIDI**FGIJIGJ..DDBJ;JJF/0J'JEEHC>5,@:DEFCC@BCADDCDD@C@BD7BCDD@";AS:i:-5;XN:i:0;XM:i:2;XO:i:0;XG:i:0;NM:i:2;MD:Z:28C32A38;YS:i:0;YT:Z:DP
chrV-4686;129;chrV;269510;34;100M;TY5;142;0;GAAAGCTCTAATAATTCTTTCCTTAACACAGTTGGCACATCTGGAACCACCGTAAGCTCTGGAAACAGTCTTGTGGGTCTTGGAAACAGTGGCGTATTGT;BC@BFF,?HHDHFJCIGCGJJ+JHHHJJJFJHD@IIJIIGFJ=IIDAJGHG@HGHJJHJJJGD5HJHFFD)JD>E.DGHHCD9F5DE(@DD4?>:D<DCD;AS:i:0;XN:i:0;XM:i:0;XO:i:0;XG:i:0;NM:i:0;MD:Z:100;YT:Z:UP;
chrV-92430;129;chrV;269517;21;100M;TY5;5250;0;CTAATAATTCTTTCCTTAACACAGTTGGCACATCTGGAACCACCGTAAGCTCTAGAAACAGTCTTGTGGGTCTTGGAAACAGTGGCGTATTGTCTTGGTC;"C@@FDDFFF+H+DG:JJIJJ?JIJGGAJHJJCBF4IIGDJGIJIJJHIHGEHA)HHFIDJEB3GF=>?FD48;JF9JCFDEA?(ADDDCDDD4DCDDDDA";AS:i:-2;XN:i:0;XM:i:1;XO:i:0;XG:i:0;NM:i:1;MD:Z:53G46;YT:Z:UP;
chrV-108418;65;chrV;269523;31;100M;TY5;150;0;ATTCTTTCCTTAACACAGTTGGCACATCTGGAACCACCGTAAGCTCTGGAAACAGTCTTGTGGGTCTTGGAAACAGTGGCGTATTGTCTTGGTCTCAAAG;(CCF7F@FHHF@HJJJHJHF(IIFIIIJJJJJJIJJBJIIHJJ(IHIJE8BDHIH)D=ICJFCG?:DC+(5DHHDBB@DDBDGECDEDDDED3?<@BDDB;AS:i:0;XN:i:0;XM:i:0;XO:i:0;XG:i:0;NM:i:0;MD:Z:100;YT:Z:UP;
chrV-22164;65;chrV;269523;31;100M;TY5;5268;0;ATTCTTTCCTTAACACAGTTGGCACATCTGGAACCACCGTAAGCTCTGGAAACAGTCTTGTGGGTCTTGGAAACAGTGGCGTATTGTCTTGGTCTCAAAG;"@C=DDDFFFFHHHJAJIJJJJICJEIJGBIHI=IJGJIJ;JIJIHJH8IAJGI;CJH@CIHIDIDC>>IJAEE&C<FFBDJ@FDB=DEBED&D3D+CD>?";AS:i:0;XN:i:0;XM:i:0;XO:i:0;XG:i:0;NM:i:0;MD:Z:100;YT:Z:UP;
chrV-36112;129;chrV;269524;31;100M;TY5;122;0;TTCTTTCCTTAACACAGTTGGCACATCTGGAACCACCGTAAGCTCTGGAAACAGTCTTGTGGGTCTTGGAAACAGTGGCGTATTGTCTTGGTCTCAAAGT;<C8FFFFD*HDHHJIJI<DBGI1HHIJIIGJJJJBJII?IGFHCD0JJ?>3GI<JDJJJEBG=ADD=)(CFDEBEHCDFDEFHD(FDDDD>H>B<DDADD;AS:i:0;XN:i:0;XM:i:0;XO:i:0;XG:i:0;NM:i:0;MD:Z:100;YT:Z:UP;
chrV-69142;65;chrV;269536;18;100M;TY5;5243;0;CACAGTTGGCACATCTGGAACCACCGTAAGCTCTGGCAACAGTCTTGTGGGTCTTGGAAACAGTGGCGTATTGTCTTGGTCTCAAAGTAGAGATACCTTG;@=@FB2DFFHC:HJGIJG?JHI)JIHGGGJJJJJIJ)JJGJJGHIIJBJJJDGJJJCDCH,JDJJJIJHECEDE:4B(ABJ:DCFDC?DDDDD<DD3DDD;AS:i:-2;XN:i:0;XM:i:1;XO:i:0;XG:i:0;NM:i:1;MD:Z:36A63;YT:Z:UP;
chrV-10510;65;chrV;269539;21;100M;TY5;5223;0;AGTTGGCACATCTGGAACCACCGTAAGCTCTGGAAACAGTCTTGTGGGTCTTGGAAACAGTGGCGTATTGTCTTGGTCTCAAAGTAGAGGTACCTGGCAA;"C?@FFFFFHHHFH9JJIFCGGJHFIJBJEJEJJIHI:EGIJJJCJJ;FJDIDJ)HGJIF;DH5BCEHDH;JDHFFDCF8D;DE9DBDDF(DBDDD(BBC:";AS:i:-4;XN:i:0;XM:i:2;XO:i:0;XG:i:0;NM:i:2;MD:Z:89A5T4;YT:Z:UP;
chrV-40368;65;chrV;269561;0;87M1D4M2I7M;TY5;88;0;GTAAGCTCGGGAAACAGTCTTGTGGGTCTTGGAAACAGTGGCGTATTGTCTTGGTTTCAAAGTAGAGATACCTTGCAAAGCGCCACCCAATAAAACAAGA;"C?@A<FFF-BF@2JJAIJJDJIDJJIJJAEEJGI0HHIFHIIIIEHJJDI30BCJ#JIJJJ=JCHJHAD2F?ECHGFEE;CE>D6FDEDCDDDDDBDCD?";AS:i:-49;XN:i:0;XM:i:7;XO:i:2;XG:i:3;NM:i:10;MD:Z:8T46C27T3^A2G1C2C1C1;YT:Z:UP;
chrV-26596;65;chrV;269569;0;79M1D5M2I8M2I4M;TY5;5211;0;TGGAAACAGTCTTGTGGGTCTTGGAAACAGTGGCGTATTGTCTTGGTCTCAAAGTAGAGATACCTTGCAAAGCGCCACCCAATAAAACAAGACTAAATAG;">1@FFAFF*HDHH+GJ<JI<IJJG<HIHJ3H;:JJIJI3JGDIFD7<FJIGFF@IFHCJFDDFD>EJ<>J;E@HIBH1FEDA<:CDDE,CCCDEDDCD+D";AS:i:-60;XN:i:0;XM:i:7;XO:i:3;XG:i:5;NM:i:12;MD:Z:75T3^A2G1C2C1C3T1G1;YT:Z:UP;
chrV-100772;113;chrV;269624;0;15M3D85M;TY5;120;0;GGTTATCACATTCAACATACCACAGTCACCACACTTGGGTCTGGTAGCTAACTTCTTGACATGTTGGGCACGCAAAATACTACCTGGGGTCTTAACAACC;"BDD(BD+DD2DDDDF6C(DFBCD?>ABD(D;CC@JH&JI.DBHICJHHI>F0@DJIDJGI@JGICJJJIIIIJI>JEIBJJ@BI29GHHHGHFDFDD@B0";AS:i:-59;XN:i:0;XM:i:11;XO:i:1;XG:i:3;NM:i:14;MD:Z:0A1A0G2A0C1T1G3^AGC0G0C19T43C19;YT:Z:UP;
chrV-47044;177;chrV;269633;0;4M1I7M8I80M;TY5;119;0;TTGGGTTATCACATTCAACATACCACAGTCACCACACTTTGGTCTGGTAGCTAACTTCTTGACATGTTGGGCACGCAAAATACCACCTGGGGTCTTAACA;"DDDDD(DBD(D5DCD9A>@BEDHE8D;H?HH=JFJDDIFHEFGG>GJJFGF8GEHBGD0*JCAIEDJIF1@JFJIC:EIGE9IFJFBGFHHFFFFFFCB@";AS:i:-59;XN:i:0;XM:i:5;XO:i:2;XG:i:9;NM:i:14;MD:Z:3C0A0A1G1G81;YT:Z:UP;
chrV-98700;113;chrV;269636;3;5M3I92M;TY5;91;0;CACATTCAACATACCACAGCCACCACACTTTGGTCTGGTAGCTAACTTCTTGACATGTTGGGCACGCAAAATACCACCTGGGGTCTTAACAACCTTGATT;D8DA9D>C>DDFDDDDDF?((DEE=BJ&HE.DJJ8HGDGB,DDDJIDIJHDBHGJCGGJGI?GFGI>GGGJJII)@JJIJJJHGJIG2HH4FFFDFDCBB;AS:i:-39;XN:i:0;XM:i:6;XO:i:1;XG:i:3;NM:i:9;MD:Z:2A1G0C0G0C8T80;YT:Z:UP;
chrV-63794;113;chrV;269643;15;100M;TY5;86;0;ATACCACAGTCACCACACTTTGGTCTGGTAGCTAACTTCTTGACATGTTGGGCACGCAATATACCACCTGGGCTCTTAACAACCTTGATTTTGTTAGAAC;"DBE3DDB2DDADBC9DDDD>@ED7C?D0F5DGHCHEIGI;DIHJJD.HHII?BFIHGGI)D?JGHBIJF(II(GJGJGJIIGIJJCJHDH<HFFFFFC@C";AS:i:-9;XN:i:0;XM:i:3;XO:i:0;XG:i:0;NM:i:3;MD:Z:0C58A12G27;YT:Z:UP;
chrV-34594;113;chrV;269655;35;100M;TY5;5211;0;CCACACTTTGGTCTGGTAGCTAACTTCTTGACATGTTGGGCACGCAAAATACCACCTGGGGTCTTAACAACCTTGATTTTGTTAGAACGGGTGTTGTCTA;"DDBDFDD>?DDEDDDDFDF:EHC>DDDA?HHHGFJIF>ECJAGJHJJJJJIICJJHGIGG>EJJ3JGEGFJJIJ@JJJCHJJJJIC:+HCHDDFFFF;B@";AS:i:0;XN:i:0;XM:i:0;XO:i:0;XG:i:0;NM:i:0;MD:Z:100;YT:Z:UP;
chrV-5164;113;chrV;269661;37;100M;TY5;5201;0;TTTGGTCTGGTAGCTAACTTCTTGACATGTTGGGCACGCAAAATACCACCTGGGGTCTTAACAACCTTGATTTTGTTAGAACGGGTGTTGTCTATTTGAA;"BD0?DB?DCDBEEDACDD:>EDACA6DID>H;8H(HJHFFHJIGJHDFJHJDAB8HHD@H93>GJFAH?JJ9JCFIIJIJGJEJJJH)D@GHDFDDDBC1";AS:i:0;XN:i:0;XM:i:0;XO:i:0;XG:i:0;NM:i:0;MD:Z:100;YT:Z:UP;
chrV-1830;113;chrV;269670;42;100M;TY5;5193;0;GTAGCTAACTTCTTGACATGTTGGGCACGCAACATACCACCTGGGGTCTTAACAACCTTGATTTTGTTAGAACGGGTGTTGTCTATTTGAAAATGTTTTC;DDC9DEDDF?C>DDD+ADDD>ECAA=E4DHEH(DF:JDDIEJIICJFIGJ@JEFIFIJGIJCDJGDJDJH<IJJHIIIIIJJFJJJJH)FHHF4DDD@=@;AS:i:-2;XN:i:0;XM:i:1;XO:i:0;XG:i:0;NM:i:1;MD:Z:32A67;YT:Z:UP;
chrV-29178;113;chrV;269686;42;100M;TY5;5182;0;CATGTTGGGCACGCAAAATACCACCTGGGGTCTTAACAACCTTGATTTTGTTAGAACGGGTGTTGTCTATTTGAAAATGTTTTCAGAAAGTTGGTATACT;"F(D?DAB@DD?EDDCEDCDHD3F?DD>FDHFHCGJDDH)J)IGIJ-CIJH>EDC19BG.IH(JJFBGHJGHGJIHECJIIGJGE2J7HH2HHFFFFF;(@";AS:i:0;XN:i:0;XM:i:0;XO:i:0;XG:i:0;NM:i:0;MD:Z:100;YT:Z:UP;
chrV-9150;177;chrV;269690;42;100M;TY5;5203;0;TCGGGCACGCAAAATACCACCTGGGGTCTTAACAACCTTGATTTTGTTAGAACGGGTGTTGTCTATTTGAAAATGTTTTCAGAAAGTTGGTATACTTTCT;"A#0DD4CDC>DDDBED?DH9CEDC9DDHDGCDCJDJHCJJEGJ(9@J;D=G9I;JDJIG>GFJGGBJJJH0GHIDJJIIEHHFHC@JHFAC2FFFFDBC@";AS:i:-2;XN:i:0;XM:i:1;XO:i:0;XG:i:0;NM:i:1;MD:Z:1T98;YT:Z:UP;
chrV-17782;113;chrV;269693;42;100M;TY5;45;0;GGCACGCAAAATACCACCTGGGGTCTTAACAACCTTGATTTTGTTAGAACGGGTGTTGTCTATTTGAAAATGTTTTCAGAAAGTTGGTATACTTTCTCAT;"D@D>DBACCD(EDCD?;DDDEBDCC?HDDDBDDDJDJGDEJHBHD@GHJHJEIGI0IHD:JJIJGG8IIJEGF.BJHJJIJIJJJAJHHGHHFDFFF@@@";AS:i:0;XN:i:0;XM:i:0;XO:i:0;XG:i:0;NM:i:0;MD:Z:100;YT:Z:UP;
chrV-43830;113;chrV;269698;42;100M;TY5;5182;0;GCAAAATACCACCTGAGGTCTTAACAACCTTGATTTTGTTAGAACGGGTGTTGTCTATTTGAAAATGTTTTCAGAAAGTTGGTATACTTTCTCATTTGAA;EDDBCD>D?D8D>FD(D:BE7FC<CEC>EHEFE=>IDHFGD=J>EHIJ,HFJEIJF&HI0GHHJJIFJFGIEJGHIIFI@EJ@JJHJHADHHFFFFDC?1;AS:i:-2;XN:i:0;XM:i:1;XO:i:0;XG:i:0;NM:i:1;MD:Z:15G84;YT:Z:UP;
chrV-52278;177;chrV;269701;42;100M;TY5;63;0;AAATACCACCTGGGGTCTTAACACCCTTGATTTTGTTAGAACGGGTGTTGTCTATTTGAAAATGTTTTCAGAAAGTTGGTATACTTTCTCATTTGAAAAA;"CDDD>DDD2CCC5:C:C.DHD@D#;DJF?3=IDJJEGCDHDD-JIEGGFEHI9J)FFJHFICJJFIBJJ2IGIJIFJJJJGJIJI@J4DGHHF@FDF<@B";AS:i:-2;XN:i:0;XM:i:1;XO:i:0;XG:i:0;NM:i:1;MD:Z:23A76;YT:Z:UP;
chrV-5714;177;chrV;269702;42;100M;TY5;5174;0;AATACCACCTGGGGTCTTAACAACCTTGATTTTGTTAGAACGGGTGTTGTCTATTTGAAAATGTTTTCAGAAAGTTGGTATACTTTCTCACTTGAAAAAT;"C(DDDDB;DE(DCEFDD?CDDJJFEDAH)CFGDJDEJE<JG;JHFJGJHDIIDFHJHJ<EJIEJ:JFJJ(9JI9AI,,G=<E2IJJJD2G+HFDFA+@CC";AS:i:-3;XN:i:0;XM:i:1;XO:i:0;XG:i:0;NM:i:1;MD:Z:90T9;YT:Z:UP;
chrV-9308;177;chrV;269707;42;100M;TY5;51;0;CACCTGGGGTCTTAACAACCTTGATTTTGTTAGAACGGGTGTTGTCTATTTGAAAATGTTTTCAGAAAGTTGGTATACTTTCTCATTTGAAAAATATGTT;":CDBDDCB?C(DDCB=EDD3/F?DCCAF7DDIJ;ICDJDDJIHFHIHIHHJHGJDHDJDDHFJIJJJJ1IJI?JJJJJJAE:EJIHG,FHFHFAFFF@?@";AS:i:0;XN:i:0;XM:i:0;XO:i:0;XG:i:0;NM:i:0;MD:Z:100;YT:Z:UP;
chrV-53750;177;chrV;269710;42;100M;TY5;5152;0;CTGGGGTCTTAACAACCTTGATTTTGTTAGAACGGGTGTTGTCTATTTGAAAATGTTTTCAGAAAGTTGGTATACTTTCTCATTTGAAAAATATGTTAGT;"D+BCDDDD0CDCDDCBCFHDDHBCDFHD><HD>FI/H8>HH.=HCGEIB+DDDHH9HIIIJBI:JIJ9H;H6JIDGCGIJJJJEJJGHHHAHDFDFDCC@";AS:i:0;XN:i:0;XM:i:0;XO:i:0;XG:i:0;NM:i:0;MD:Z:100;YT:Z:UP;
chrV-63306;177;chrV;269716;42;100M;TY5;5149;0;TCTTAACAACCTTGATTTTGTTAGAACGGGTGTTGTCTATTTGAAAATGTTTTCAGAAAGTTGGTATACTTTCTCATTTGAAAAATATGTTAGTACGAAA;9BC8DC@DEC8FDD>C@EADE0>HHH+F=EE(HJIIFIHJIFJEGFAI,?DJACJ9IGC>II@JG9CI9C@GJHCJGJHC+2+<IGJHHHHHB=FF+#@C;AS:i:0;XN:i:0;XM:i:0;XO:i:0;XG:i:0;NM:i:0;MD:Z:100;YT:Z:UP;
chrV-108304;113;chrV;269720;42;100M;TY5;5161;0;ATCAACCTTGATTTTGTTAGCACGGGTGTTGTCTATTTGAAAATGTTTTCAGAAAGTTGGTATACTTTCTCATTTGAAAAATATGTTAGTACGAAATGTT;"+4C>CDAD80CCD>D;?HD@+FDCCCDEF>?IGGJGHADHFAJGJIIJJIHIDDJJIFHJHIJ9JJE8JCJJEDJ(J@IGGFJGIJIHHHHHFDFFF<@C";AS:i:-6;XN:i:0;XM:i:2;XO:i:0;XG:i:0;NM:i:2;MD:Z:1A18A79;YT:Z:UP;
chrV-94002;177;chrV;269726;42;100M;TY5;5152;0;CTTGATTTTGTTAGAACGGGTGTTGTCTAATTGAAAATGTTTTCAGAAAGTTGGTATACTTTCTCATTTGAAAAATATGTTAGTACGAAATGTTTCAATA;"D2<BDCDDD=CBEDE:FD5EEBC?DCJDG(JDDHF)FH@GCJGJI;,?JHGIJJBJHJHDIBJGEJJJGG9H=GJIAFJGJHGJHGHFFFFDF:FDFBCC";AS:i:-2;XN:i:0;XM:i:1;XO:i:0;XG:i:0;NM:i:1;MD:Z:29T70;YT:Z:UP;
chrV-112020;177;chrV;269751;42;100M;TY5;5123;0;TCTATTTGAAAATGTTTTCAGAAAGTTGGTATACTTACTCATTTGAAAAATATGTTAGTACGAAATGTTTCAATAGGAAGGAGTTCGAGAAGACTTTAAA;"AD8ED(?@FDDDDDDDFEH:D,EDFJHF=?DDI6HE0HHDIIJBJJII;IF-BII5JIDJFGIF))JIJJGIJ?I<JJH:JJGBJ2J+FHD#DFFD=C@@";AS:i:-5;XN:i:0;XM:i:2;XO:i:0;XG:i:0;NM:i:2;MD:Z:36T54A8;YT:Z:UP;
chrV-111274;177;chrV;269771;23;100M;TY5;5106;0;GAAAGTAGGTATACTTTCTCATTTGAAAAATATGTTAGTACGAAATGTTTCAATAGGAAGGAGTTCGAGAAAACTTTAAAAGAAATTTTCGTAACACAGA;DBDD:D(ECDDDCBDEF3DCH(DCDD.J)DJJAIHBDDEJBBJHFGFH>EIHG0EIGIJ<C?BJHGJG?CJIJICJGJJI+JDJIJJGGHHFFFBADC@B;AS:i:-2;XN:i:0;XM:i:1;XO:i:0;XG:i:0;NM:i:1;MD:Z:6T93;YS:i:-55;YT:Z:DP
chrXII-60618;97;chrXII;367244;23;100M;TY5;5112;0;TCATCATTGTTGCCTGAATCAGTCTCGATTTTATGAAATCCGGTAGCGGCTTTTTCACCCTCAGTTCCATTGAGACAACTGCTTACCGCTAAAGATTGGT;"@9?DFFFFH=HFGJEJ<AHI@FJI:GH*JJGG1IIIJIFJI(@9IFJIGBCHGB;GGGGDFJHFDC8CIC>DCBD(DDD9DFD;:DDDA<ED(DBCDCDD";AS:i:-4;XN:i:0;XM:i:2;XO:i:0;XG:i:0;NM:i:2;MD:Z:27G13A58;YS:i:-50;YT:Z:DP
chrXII-125526;97;chrXII;367261;42;100M;TY5;5118;0;ATCAGTCTCGGTTTTATGAAATCCAGTAGCGGCTTTTTCACCCTCAGTTCCATTGAGACAACTGCTTACCGCTAAAGATTGGTTTCCGGTATGAAGTGAT;C=CFDDFFHCFHD3IJIHFIJJJJGIGIJJJI8H)GIJJD=JJE*GJHJAJJJIJDC=J)8HF==FEIEB5EAJI?BFE@-D'JDDBDE?DFDB:(DDDC;AS:i:0;XN:i:0;XM:i:0;XO:i:0;XG:i:0;NM:i:0;MD:Z:100;YT:Z:UP;
chrXII-131760;97;chrXII;367284;42;100M;TY5;22;0;CAGTAGCGGCTTTTTCACCCTCAGTTCCATTGAGACAACTGCTTACCGCTAAAGATTGGTTTCCGGTATGAAGTGATGATAACCTTTCAATGGTTACACC;"B0CFDAFFHHHDHCEJJJG@IIJGHJCAIHI:HIHIIFIHCGIJIJICJJEEI@I);J?GBHHH?>CHDHBEAJDEFB.DBC2EDDEDD,@DDDCD(DDC";AS:i:-3;XN:i:0;XM:i:1;XO:i:0;XG:i:0;NM:i:1;MD:Z:78T21;YT:Z:UP;
chrXII-158116;161;chrXII;367310;42;100M;TY5;5160;0;CCATTGAGACAACTGCTTACCGCTAAAGATTGGTTTCCGGTATGAAGTGATGTTAACCTTTCAATGGTTACACCCTTCTTGGAGACGCTATCAAGAGCTA;C?CFDFFFHHHHHGIIGEGJJHFJ2JJJJFJIHICJ:<GJJBIHGB*JGFHDI#AJJ5JIEIDJDFHDFADDD)2HB7EDDD(BD?@BA4(DDBC?DADC;AS:i:0;XN:i:0;XM:i:0;XO:i:0;XG:i:0;NM:i:0;MD:Z:100;YT:Z:UP;
chrXII-187358;161;chrXII;367339;42;100M;TY5;5197;0;TTGGTTTCCGGTATGAAGTGATGTTAACCTTTCAATGGTTACACCCTTCTTGGAGACGCTATCAAGAGCTATGCAAACTTCTTGACAATTAGTTAAGGGA;"B@CDAFD*HHHHDEJHJGJJJJJH1JJJF?IJGF@HCGHJ:CIDGEIFIICHG@=HJJD>8J(E@?'DFECFGJ(ABEDIDJDF;DC(DD;DD<ADBA?E";AS:i:0;XN:i:0;XM:i:0;XO:i:0;XG:i:0;NM:i:0;MD:Z:100;YT:Z:UP;
chrXII-116614;97;chrXII;367355;42;100M;TY5;5189;0;AGTGATGTTAACCTTTCAATGGTTACACCCTTCTTGGAGACGCTATCAAGAGCTATGCAAACTTCTTGACAATTAGTTAAGGGATTATATATAATTTTTG;BCBFFF?FHDHHDJJJJGJGJJJF=GJJJI)IGHGJFHI*IGIJJDIJII>FG7IHFHDC.DIDI@C=GJ>CCFA@5H>DDB18CDDDA(2BCDD@2/CD;AS:i:0;XN:i:0;XM:i:0;XO:i:0;XG:i:0;NM:i:0;MD:Z:100;YT:Z:UP;
chrXII-214484;97;chrXII;367377;3;90M5I5M;TY5;5224;0;TTACACCCTTCTTGGAGACGCTATCAAGAGCTATGCAAACTTCTTGACAATTAGTTAAGGGATTATATATAATTTTTGCCCGCACTAATGTTGAATGTGA;CC@F((FDHHHHGCJF<?CEIE1J@IJJFI13EGHDGJHJGJDJ??JCC?GIEGHF5FDDJDDAHID8HJI@I>J.AHAD8D?C5DD<=<C:DDB@DDBC;AS:i:-39;XN:i:0;XM:i:4;XO:i:1;XG:i:5;NM:i:9;MD:Z:89T0C0C2C0;YT:Z:UP;
chrXII-130602;161;chrXII;367377;3;88M2I3M3I4M;TY5;5237;0;TTACACCCTTCTTGGAGACGCTATCAAGAGCTATGCAAACTTCTTGACAATTAGTTAAGGGATTATATATAATTTTTGCCCGCACTAATGTTGAATGTGA;BCCFFD8FDDHFHJJIJHA@JEJ??JJJ?IEJI*IHDIBGJJIIIGCIJFHHHHJIEIFFEIB,HIFJDHDBF@IDD@>DDFA?C:EDDB>A3CBD?DDD;AS:i:-38;XN:i:0;XM:i:3;XO:i:2;XG:i:5;NM:i:8;MD:Z:90C0C2C0;YT:Z:UP;
chrXII-26046;161;chrXII;367377;0;89M1I2M4I4M;TY5;5241;0;TTACACCCTTCTTGGAGACGCTATCAAGAGCTATGCAAACTTCTTTACAATTAGTTAAGGGATTAGGTATAATTTTTGCCCGCACTAATGTTGAATGTGA;"1CCFDDDFHHFH2I+JHJIGICCJFIAAIEJI?IGGJI;G@GJBJ#JDJHGEIJ<JFD=JG;GHI##HG:8HD57D44EFDC@BABADDCD9C:D@:DED";AS:i:-44;XN:i:0;XM:i:6;XO:i:2;XG:i:5;NM:i:11;MD:Z:45G19T0A23C0C2C0;YT:Z:UP;
chrXII-107184;97;chrXII;367383;0;83M1I2M2I12M;TY5;5244;0;CCTTCTTGGAGACGCTATCAAGAGCTATGCAAACTTCTTGACAATTAGTTAAGGGATTATATATAATTTTTGCCCGCACTAATGTTGAATGTGATAACCC;"@@CFFAFBHGHHHG3>BJJJJJJEI?GJCJJIFHGBIFFHIFFGIFHJBGIJGE=JFFIHDHBG=FHHJ;AEDD).FDF3JDHDD6C@D<DDD0DDDBDD";AS:i:-51;XN:i:0;XM:i:7;XO:i:2;XG:i:3;NM:i:10;MD:Z:84C0C2C0T0C0C4T0;YT:Z:UP;
chrXII-73100;81;chrXII;367460;0;4M14I82M;TY5;5210;0;AGTCTTGTTTTATTGGGTGTTCCTGCTCCAACCTGTTGAGACGGTAATAACGACACTCTTTTATCAGAGATGCGGTTCTTTCCTCAGACAGTTCTAATTT;"DBD;C(D@DDED4DCDDB;E@EE;;HD(8EDHIJDACJDJICECJ@IJ7F.5IJH@J*IFJIGIIIJG<4IIHEIJ?GJ(JCII?IIHF:H?FFFDFCCB";AS:i:-60;XN:i:0;XM:i:3;XO:i:1;XG:i:14;NM:i:17;MD:Z:1C1A0A81;YT:Z:UP;
chrXII-126880;145;chrXII;367476;42;100M;TY5;5235;0;ACCTGTTGAGACGGTAATAACGACACTCTTTTATCAGAGATGCGGTCCTTTCCTCAGACAGTTCTAATTTGGAACCGCCCAGTAAAGATAATATATCTCG;>3E@DD#C5+DHAF4?DC?DFDACE3?BFD,J>CCEGJH<IJJ1EI&4GFDGJ@BGFJCIBIIIIFJHAJDJIE2F?HJ?IAFIJHCHHH<H:DFDB=@@;AS:i:-2;XN:i:0;XM:i:1;XO:i:0;XG:i:0;NM:i:1;MD:Z:46T53;YT:Z:UP;
chrXII-41228;81;chrXII;367479;42;100M;TY5;5251;0;TGTTGAGACGGTAATAACGACACTCTTTTATCAGAGATGCGGTTCTTTCCTCAGACAGTTCTAATTTGGAACCGCCCAGTAAAGATAATATATCTCGGAA;"CCDBDBDDDD>CD>D4>DEDC;FDAE@HFD=6DFI.HHH<=)IIJ<DICIIII?HIJIII'HEHJ;GIIIGI1JHFJICIJIDDDJJFHDGHFD;DFC@;";AS:i:0;XN:i:0;XM:i:0;XO:i:0;XG:i:0;NM:i:0;MD:Z:100;YT:Z:UP;
chrXII-54564;81;chrXII;367483;42;100M;TY5;124;0;GAGACGGTAATAACGACACTCTTTTATCAGAGATGCGGTTCTTTCCTCAGACAGTTCTAATGTGGAACCGCCCAGTAAAGATAATATATCTCGGAAAAAT;"?DC>DDD(&DDDDD,HCDDD@=E;>HEDBDH)IHGHGJD>IJJJDHEJEHI4JJGJI@IDI&G?BJGIAIGJIGIGEJFGIJJCFG<GHHHHFFFFFC??";AS:i:-2;XN:i:0;XM:i:1;XO:i:0;XG:i:0;NM:i:1;MD:Z:61T38;YT:Z:UP;
chrXII-108042;81;chrXII;367489;42;100M;TY5;5261;0;GTAATAACGACACTCTTTTATCAGAGATGCGGTTCTTTCCTCAGACAGTTCTAATTTGGAACCGCCCAGTAAAGATAATATATCTCGGAAAAATTCTGGG;BDADCDDD4DDDF@CD5DACBCDC>BDDAECEBEJIHIIGJH=@?JHI@JJJ=BJJ3J?IGJIHJ?(?JDIJIDIIJJJHJJJGBJJHHF(H2FFFDCC?;AS:i:0;XN:i:0;XM:i:0;XO:i:0;XG:i:0;NM:i:0;MD:Z:100;YT:Z:UP;
chrXII-38626;81;chrXII;367494;42;100M;TY5;5251;0;AACGACACTCTATTATCAGAGATGCGGTTCTTTCCTCAGACAGTTCTAATTTGGAACCGCCCAGTAAAGATAATATATCTCGGAAAAATTCTGGGGACCT;">E7D:BD@DCC&DDDCD(DAHD,@;:J>AB8CIH'JFEIIHHAC@JJF.JBIGJDJJI:JHGGJBI;JJDIGIHGJJJCGIGIH:IJHFHHHDFFDFC@@";AS:i:-2;XN:i:0;XM:i:1;XO:i:0;XG:i:0;NM:i:1;MD:Z:11T88;YT:Z:UP;
chrXII-120806;145;chrXII;367506;42;100M;TY5;5278;0;TTATCAGAGATGCGGTTCATTCCTCAGACAGTTCTAATTTGGACCCGCCCAGTAAAGATAATATATCTCGGAAAAATTCTGGGGACCTTGCAATATATGA;@+DB=DD<DF(DD:DDFD#D:F?DDHHDHDFJICI(IH>.FJ:)CJHGH?CIBEHA/EIJIG?JHBJIBEJGI?IJGGCJJJA+GFICHFHHFFFFFCCC;AS:i:-4;XN:i:0;XM:i:2;XO:i:0;XG:i:0;NM:i:2;MD:Z:18T24A56;YT:Z:UP;
chrXII-116888;81;chrXII;367546;42;100M;TY5;5325;0;GGAACCGCCCAGTAAAGATAATATATCTCGGAAAAATTCTGGGCACCTTGCAATATATGAGGGTGGTAATAAAGGTGGAAAGCCCGGCTTCTTATTTGAC;"BD>DDDE>DDDEDF>CEDCDDEHCC5DCD;HF3CIGCCHH>GI>5EJEDII3@JJEHGIJ6HJG)IJIABJ(IHDJ?GJFIJ<JGJJHF;AHFDFFFCC=";AS:i:-4;XN:i:0;XM:i:1;XO:i:0;XG:i:0;NM:i:1;MD:Z:43G56;YS:i:-2;YT:Z:DP
chrXII-170778;81;chrXII;367560;42;100M;TY5;5317;0;AAGATAATATATCTCGGAAAAATTCTGGGGACCTTGCAATATATGAGGGTGGTAATAAAGGTGGAAAGCCCGGCTTCTTATTTGACTCCCACTTCTCAAT;5CDDDEDDD@EDDCEDBB@EEGDC?&DCJ:E@EJ>DDFHHIGJI=HHGHEBFII(J'FJJII1BHIJJJAJ+HHCJ3GFBJIHJJJ?DHDHHBFFFFCCC;AS:i:0;XN:i:0;XM:i:0;XO:i:0;XG:i:0;NM:i:0;MD:Z:100;YS:i:-2;YT:Z:DP
chrXIV-19604;97;chrXIV;488584;23;100M;TY5;5112;0;GATCTTTGCCAGGAGTATAAAGAAGTCACTATCGCAGACTTTAATGAGAGATTCTTGGGCAACCCAGCCACATTACACCATGAGGATAATCCTAATTTGT;"C?C1;DFFBH<GHIGJJJJHIJJ@JJCDHHICIFDIH=GIIHJHJCDJJJBDI8FH5HIFJAHFEJ=JJDDF(D@IDDEDDIE?3BD;DCDDDBB>>C;<";AS:i:0;XN:i:0;XM:i:0;XO:i:0;XG:i:0;NM:i:0;MD:Z:100;YS:i:-54;YT:Z:DP
chrXIV-116008;161;chrXIV;488589;23;100M;TY5;5112;0;TTGCCAGGAGTATAAAGAAGTCACTATCGCACACTTTAATGAGAGATTCTTGGGCAACCCAGCCACATTACACCATGAGGATAATCCTAATTTGTTACTT;"@B:B?FDF=HHHHC:HGCJIJHI@JGIAJJI1GICGDGJFJIJJJJBC/JIIDF)DIHFGFJGIHICJ@@B?J9JH#@9,;HHCBHD0D;D0:<DDE<D:";AS:i:-3;XN:i:0;XM:i:1;XO:i:0;XG:i:0;NM:i:1;MD:Z:31G68;YS:i:-52;YT:Z:DP
chrXIV-94630;97;chrXIV;488599;42;100M;TY5;5118;0;TATAAAGAAGTCACTATCGCAGACTTTAATGAGAGATTCTTGGGCAACCCAGCCACATTACACCATGAGGATAATCCTAATTTGTTACTTAGTATTAATG;BB@FF2DFHFHHHJFIEJHIEHIJFGJJCJGJGIGJIICHJJBJJGGJBJHF?.DEEBDG*GBD=G=GCC>A:C9EEDEHABCCCDDDD4ADDD@D<CCC;AS:i:0;XN:i:0;XM:i:0;XO:i:0;XG:i:0;NM:i:0;MD:Z:100;YT:Z:UP;
chrXIV-109550;161;chrXIV;488611;23;100M;TY5;5112;0;ACTATCGCAGACTTTAATGAGAGATTCTTGGGCAACCCAGCCACAGTACACCATGAGGATAATCCTAATTTGTTACTTAGTATTAATGGCAGGATTAAAA;"?CCFFF+FH>H,AJJJ>JFJAEJJGJEGHIGIH90;J6IE?DEDC(;FIFBIH'JJJ.CDHHJ;HJAD,JH@@:DD;DFEH9DD:CC(CDA5A?>(>CC@";AS:i:-2;XN:i:0;XM:i:1;XO:i:0;XG:i:0;NM:i:1;MD:Z:45T54;YS:i:-50;YT:Z:DP
chrXIV-108674;161;chrXIV;488614;42;100M;TY5;5121;0;ATCGCAGACTTTAATGAGAGATTCTTGGGCAACCCAGCCACATTACACCATGAGGATAATCCTAATTTGTTACTTAGTATTAATGGCAGGATTAAAAGCA;"CC=FFFFFHHAHHJDE8GJJIJJJJHJJIJDIHG'F;IJJGJHFIIHJ9FHHFGHCJD8G>D8HH9JHFIE;H;DDG,CHD:DED?0CD;(DC5A:>@DD";AS:i:0;XN:i:0;XM:i:0;XO:i:0;XG:i:0;NM:i:0;MD:Z:100;YT:Z:UP;
chrXIV-28660;97;chrXIV;488618;42;100M;TY5;7;0;CAGACTTTAATGAGAGATTCTTGGGCAACCCAGCCACATTACACCATGAGGATAATCCTAATTTGTTACTTAGTATTAATGGCAGGATTAAAAGCATTAG;@?CFDFFFFHHFHJBEJHJGJIHGIEIIIJIJ<GGGJJJ3IIGGFHIDJHHIJJJG=HJHGHFGJIJHFIHCD>FHDC>DFDAED@CDDCBC-D(+DEDB;AS:i:0;XN:i:0;XM:i:0;XO:i:0;XG:i:0;NM:i:0;MD:Z:100;YT:Z:UP;
chrXIV-26732;161;chrXIV;488627;42;100M;TY5;5144;0;ATGAGAGATTCTTGGGCAACCCAGCCACATTACACCATGAGGATCATCCTATTTTGTTACTTAGTATTAATGGCAGGATTAAAAGCATTAGGTTTTCAGG;"C@@FFFFFFGHBHGJJGG+JIHJFJIJIGJICC695JIJ;0ICH*BGEHH>)JJDJG8HJJC)=D;A@H(CHFDCFFF7BCABC@DBDDDDD:DDCDEDC";AS:i:-4;XN:i:0;XM:i:2;XO:i:0;XG:i:0;NM:i:2;MD:Z:44A6A48;YT:Z:UP;
chrXIV-70210;97;chrXIV;488649;42;100M;TY5;42;0;AGCCACATTACACCACGAGGATAATCCTAATTTGTTACTTAGTATTAATGGCGGGATTAAAAGCATTAGGTTTTCAGGCCAGAAGATTGTTTTTATAGAT;":?@FBFFFFFHHGJJIJGJJJJIFC?JGF.IGCJFGHJCJEJGII?DIGCG8)JDA)JGC'>G@=JEFIFD;EFF@G+HBBCCBCDDCDFDD:ADA>BD2";AS:i:-8;XN:i:0;XM:i:2;XO:i:0;XG:i:0;NM:i:2;MD:Z:15T36A47;YT:Z:UP;
chrXIV-22570;161;chrXIV;488649;42;100M;TY5;5163;0;AGCCACATTACACCATGAGGATAATCCTAATTTGTTACTTAGTATTAATGTCAGGATTAAAAGCATTAGGTTTTCAGGCCAGAAGATTGTTTTTATAGAT;"@@CFD=3;GDFHDIJICJJFJFJFJAIHDJEICJHIJIIFJ(DJIJHIIE)HHJJD)FIC>JJDIDJHJF7FECEBCA05D5D<HDC(F:@888CDCCDC";AS:i:-2;XN:i:0;XM:i:1;XO:i:0;XG:i:0;NM:i:1;MD:Z:50G49;YT:Z:UP;
chrXIV-93834;97;chrXIV;488659;42;100M;TY5;54;0;CACCATGAGGATAATCCTAATTTGTTACTTAGTATTAATGGCAGGATTAAAAGCATTAGCTTTTCAGGCCAGAAGATTGTTTTTATAGATCTTTACAACG;@CC+FFFFFFHHHFGJJJIFJC(IG@:C1GGIA:I9IJJJ@HJJICIIJDJJGJDI'DJ.ICFJD2JJJGJ9?HHF9DD:FCFBB?(BDECA?D:DE2DD;AS:i:-3;XN:i:0;XM:i:1;XO:i:0;XG:i:0;NM:i:1;MD:Z:59G40;YT:Z:UP;
chrXIV-71202;97;chrXIV;488663;42;100M;TY5;5164;0;ATGAGGATAATCCTAATTTGTTACTTAGTATTAATGGCAGGATTAAAAGCAGTAGGTTTTCAGGCCAGAAGAATGTTTTTATAGATCTTTACAACGGCAG;"@@0BFFDFDHHH?JJIHHGFJIGJJGIFJJI.(IBJFGIHJ)DJJ@GDHIHHDJCJ>IAJGIJFD:EFD(;C+CBHCDA4CDDDDDDDDDD>DDDED@D:";AS:i:-8;XN:i:0;XM:i:2;XO:i:0;XG:i:0;NM:i:2;MD:Z:51T20T27;YT:Z:UP;
chrXIV-129404;97;chrXIV;488665;42;100M;TY5;49;0;GAGGATAATCCTAATTTGTTACTTAGTATTAATGGCAGGATTAAAAGCATTAGGTTTTCAGGCCAGAAGATTGTTTTTATAGATCTTGACAACGGCAGTA;"C?CFFFDDHGHDHCJE2GJHIHHJ<JEHJJJJJJIGFJIJC@0JF.?FGJIJE8IFJJJIGHFDE;IHJDF=EE9HEAB=@H;D/DF&DDD<CBDECCDC";AS:i:-2;XN:i:0;XM:i:1;XO:i:0;XG:i:0;NM:i:1;MD:Z:87T12;YT:Z:UP;
chrXIV-69746;97;chrXIV;488668;42;100M;TY5;56;0;GATAATCCTAATTTGTTACTTAGTATTAATGGCAGGATTAAAAGCATTAGGTTTTCAGGCCAGAAGATTGTTTTTATAGATCTTTACAACGGCAGTAGCG;"CC?FFFFDHH)HH;)EFII@IIJIHI1GBJIJIIEII=J5IJJGJJI>G3CJIBFJIFDJDJHJEID>JC@E=J+,ED>?DC(BDCBBDD<@CD?DDD5D";AS:i:0;XN:i:0;XM:i:0;XO:i:0;XG:i:0;NM:i:0;MD:Z:100;YT:Z:UP;
chrXIV-94204;161;chrXIV;488675;42;100M;TY5;5172;0;CTAATTTGTTACTTAGTATTAATGGCAGGATTAAAAGCATTAGGTTTTCAGGCCAGAAGATTGTTTTTATAGATCTTTACAAAGGCAGTAGCGGATTGAA;"+CC=F:DDHHFHFGIHJAJJE+F:C:GFHJJHIHIHIJJ;G?JIGFAGG8?H=GJDHAH'(EFGJ95DJJED6D@DFC(AD?#DDDE>FC>FDDDDDD@D";AS:i:-2;XN:i:0;XM:i:1;XO:i:0;XG:i:0;NM:i:1;MD:Z:82C17;YT:Z:UP;
chrXIV-49308;161;chrXIV;488680;42;100M;TY5;78;0;TTGTTACTTAGTATTCATGGCAGGATTAAAAGCATTAGGTTTTCAGGCCAGAAGATTGTTTTTATAGATCTTTACACCGGCAGTAGCGGATTGAAGAATG;:@@FFFFDHFHDHII,JJIE?<F1:9>EFJIGCJJ)HID@JBFHIJHFHAGHDJIEJJHCIBHJ>DJG:BH7D?D:(?DDC:<D#D(EDD<ADD@E?>DB;AS:i:-5;XN:i:0;XM:i:2;XO:i:0;XG:i:0;NM:i:2;MD:Z:15A60A23;YT:Z:UP;
chrXIV-101006;97;chrXIV;488685;42;100M;TY5;68;0;ACTTAGTATTAATGGCAGGATTAAAAGCATTAGGTTTTCAGGCCAGAAGATTGTTTTTATAGATCTTTACAACGGCAGTAGCGGATTGAAGAATGATACG;C@CFFFFFDH?HGJJIHI)GHHJJJEHGJJJJDIG=AJIGJJJDJJI<GIGJ5CHJFJDDIA@'IE:JDHBAD>D?)?CCFE@G-DFDDBDDD-DADD?F;AS:i:0;XN:i:0;XM:i:0;XO:i:0;XG:i:0;NM:i:0;MD:Z:100;YT:Z:UP;
chrXIV-18620;97;chrXIV;488725;8;86M3I11M;TY5;5243;0;GGCCAGAAGATTGTTTTTATAGATCTTTACAACGGCAGTAGCGGATTGAAGAATGATACGCAACTGCAGTTGATCGTAAACTACAATGTTGAATGTGATA;CCCDFFF*HFHHDCIJ:JJJGEJ)AHGIJJJIJHJ@JH@JJ:JJDFJE.IBEJJE4CIHJHEFDJAEHGFFDFDD(G?BHGDBECDEDBDDED5CDBED(;AS:i:-35;XN:i:0;XM:i:5;XO:i:1;XG:i:3;NM:i:8;MD:Z:87A2A0T2G1G0;YT:Z:UP;
chrXIV-135290;145;chrXIV;488818;42;100M;TY5;5241;0;GGTGGGAGTAGTGAGGATAAGGCGAATTTCTCAGATAATATGAACTTTTTGAAGACAGGAGAGTATATTAAGGCGCTCGGTTATCCCGGGTTTTCCCAAT;CACB@C@@CC3@DEBDDE3DEBA&<EE6HDH7()3))I@AI@J8FGIJ*HGJ@HD0JDDIFI)J&EJJ9(EIJHHIHJHEIJI@J)J2HHHGFF@BDCB@;AS:i:-9;XN:i:0;XM:i:4;XO:i:0;XG:i:0;NM:i:4;MD:Z:35A0T18A6T37;YT:Z:UP;
chrXIV-67720;81;chrXIV;488831;42;100M;TY5;128;0;AGGATAAGGCGAATTTCTCAGAATATATGAACTTTTTGAAGAAAGGAGATTATATTAAGGCGCTCGGTTATCCCGGGTTTTCCCAATCCAGAGTCAAGAT;>CDB0DEB=DDDDCB>CFEDHFDCDDF=G5(IDADHEDFHJECGJFDJJ)9G=:JIII?JIJIIJJEJI>GGIJEBIGJIJJJII2IH?GGH7FFFF?C?;AS:i:0;XN:i:0;XM:i:0;XO:i:0;XG:i:0;NM:i:0;MD:Z:100;YT:Z:UP;
chrXIV-154642;145;chrXIV;488869;42;100M;TY5;5280;0;AAGAAAGGAGATTATATTGAGGGGCTCGGTTATCCCGGGTTTTCCCAATCCAGAGTCAAGATGCTGTCCTTGATATGTAATAAGCTACCTATAGTATTGT;"DDBBDDC8D+@>>DDHD5&DIH6EFCBDAHHBJHIIJFJGJIGCJHJJ;5IC8IGG?GIJJ*G=JGJGI?*IJJFJHJGJJJJJI+JCHHHHD=BDFC@+";AS:i:-6;XN:i:0;XM:i:2;XO:i:0;XG:i:0;NM:i:2;MD:Z:18A3C77;YT:Z:UP;
chrXIV-21884;145;chrXIV;488926;42;100M;TY5;5334;0;AAGATGCTGTGCTTGATGTGTAATAAGCTACCTATAGTATTGTCTGTTTCGCAATTGCCGTGACCTTCCAGACTGAATGATGAAACCAAGATCAAATCTA;">DDD?DCDDB#D;>F9''.DB@FD;ED5I=HDHHCE@<IJAJJ,BJ/FHHIJ8?#/JDDGG)ABIAJDJJ;AIJJJEEJJJIJ0GJJGHFFFF*FDDC?C";AS:i:-8;XN:i:0;XM:i:4;XO:i:0;XG:i:0;NM:i:4;MD:Z:10C6A36C6T38;YS:i:0;YT:Z:DP
chrXIV-28660;145;TY5;7;1;100M;chrXIV;488618;0;ATGTGATAACCCAAAAGCATGATATGGGTAATGTTTCAGTACTGTTTCAGAATTGTTTCAGTAATGTTTTAGACAAGGAAAACATAGAGAAGCAAACCTC;"@C+DD>DE?DDBC>ED(,DDE@H;<FDDDG?DHI#HJJCJFGGJ?J6GBDII5<HHDJF0JFG/J*H6IJHIGIJIIJJIGIAIJJFFH+HHFFFFFCCC";AS:i:-3;XN:i:0;XM:i:1;XO:i:0;XG:i:0;NM:i:1;MD:Z:89C10;YT:Z:UP;
chrXII-131760;145;TY5;22;1;100M;chrXII;367284;0;AGCATGATATGGGTAATGTTTCAGTACTGTTTCAGAATTGTTTCAGTAATGTTTTAGACAAGGAAAACATAGAGCAGCAAACCTCCGATCCGACAGTACT;"CD#:@DDCC7DDED(BC<DB3DE)5D(JH;DDDDFI@FIJCJHHGJI58=H)FC)=IJHHI(JIC;JFDJGIHIJHJII4JG)FJAI?FHHHFFFFF<CB";AS:i:0;XN:i:0;XM:i:0;XO:i:0;XG:i:0;NM:i:0;MD:Z:100;YT:Z:UP;
chrXIV-70210;145;TY5;42;1;100M;chrXIV;488649;0;TCAGTACTGTTTCAGAATTGTTTCAGTAATGTTTTAGACAAGGAAAACATAGAGCAGCAAACCTCCGATCCGACAGTACTTAAGAAACCATAGTATCTGT;"D9>DCB:C>BEDCDDDEDH';.HD;(8DH@E>FID3>IFGJAB'JJHIHI/HJJGH?JJIIIIHIIIIJGGJFHH9CIJ3JA9GJIIGFF+2F8#=F@@:";AS:i:-2;XN:i:0;XM:i:1;XO:i:0;XG:i:0;NM:i:1;MD:Z:94T5;YT:Z:UP;
chrV-17782;177;TY5;45;1;100M;chrV;269693;0;GTACTGTTTCAGAATTGTTTTAGTAATGTTTTAGACAAGGAGAACATAGAGCAGCAAACCTCCGATCCGACAGTACTTAAGAAACCATAGTTTCTGTGTA;"BD0DED@DBDEDDEC>9ECC(JDDDD;C(EDEIDE;DFJJ)#7HJHJIIDJHFJDDHGJGJ78I*#CHHJJHDIJ0JHJG+?F?GJHAHHFA2=FFF@C#";AS:i:-4;XN:i:0;XM:i:2;XO:i:0;XG:i:0;NM:i:2;MD:Z:20C20A58;YT:Z:UP;
chrXIV-129404;145;TY5;49;1;100M;chrXIV;488665;0;TGTTTCAGAATTGTTTCAGTAATGTTTTAGACAAGGAAAACATAGAGCAGCAAACCTCCGATCGGACAGTACTTAAGAAACCATAGTTTCTGTGTACAAG;"D4.DCDDDDDCD+F:=DDDDEDHC@2EG(EEGFD?H;9D,HHFJAIICHIIFFJIG.1CEJAH#D7F6IJIIGJFJJJIHIJIJJJEHB<HHFFFBFC@C";AS:i:-2;XN:i:0;XM:i:1;XO:i:0;XG:i:0;NM:i:1;MD:Z:63C36;YT:Z:UP;
chrV-9308;113;TY5;51;1;100M;chrV;269707;0;TTTCAGAATTGTTTCAGTAATGTTTTAGACAAGGAAAACATAGAGCAGCAAACCTCCGATCCGACAGTACTTAAGAAACCATAGTTTCTGTGTACAAGAG;"CDDBEDDDDDEADDDD;CDCC>AE?CDCGBF?JID>C9JDC=H5IEIIJIAIJJBJIFIIGJJJIGEJJJJDIFGJHBIHJGHJHJHHHHHHDFFFFB?C";AS:i:0;XN:i:0;XM:i:0;XO:i:0;XG:i:0;NM:i:0;MD:Z:100;YT:Z:UP;
chrXIV-93834;145;TY5;54;1;100M;chrXIV;488659;0;CAGAATTGTTTCAGTAATGTTTTAGACAAGGAAAACAGAGAGCAGCAAACCTCCGATCCGACAGTACTTAAGAAACCATAGTTTCTGTGTACAAGAGTAG;"DB>DDCBEDADCD#A(+DFEEADDHDBBHF?(EHFJI+DCGIBJJI?BIGF;EJEIIH9J@GGIJHIIII*JJHIJJIJJFIJJCJIHGHGHFFFF++BC";AS:i:-3;XN:i:0;XM:i:1;XO:i:0;XG:i:0;NM:i:1;MD:Z:37T62;YT:Z:UP;
chrXIV-69746;145;TY5;56;1;100M;chrXIV;488668;0;GAATTGTTTCAGTAATGTTTTAGACAAGGAAAACATAGAGCAGCAAACCTCCGATCCGACAGTACTTAAGAAACCATAGTTTCTGTGTACAAGAGTAGTA;ADD@AC@C44DADEDEBC?CAC<H-DHDDHA.DC'JD?IJFJHIHFIJ<I@DDH0H?9DGGJ,GJJ@IIJEJEC+IEJJJIJFJGJGHHFGH?DDDA@@C;AS:i:0;XN:i:0;XM:i:0;XO:i:0;XG:i:0;NM:i:0;MD:Z:100;YT:Z:UP;
chrV-52278;113;TY5;63;1;100M;chrV;269701;0;TTCAGTAATGTTTTAGACAAGGAAAACATAGAGCAGCAAACCTCCGATCCGACAGTACTTAAGAAACCATAGTTTCTGTGTACAAGAGTAGTACCTATGT;"CDDADDB4DA@D>DECFDDCDC<C?DJAEDFA3CJHJ7JJ8IIIHFJHJBDJ;II,JHIGGGFFHJJJJAEGAGJ9IJG=?JG;I;IH?C<AFFFFFCCC";AS:i:0;XN:i:0;XM:i:0;XO:i:0;XG:i:0;NM:i:0;MD:Z:100;YT:Z:UP;
chrXIV-101006;145;TY5;68;1;100M;chrXIV;488685;0;TAATGTTTTAGACAAGGAAAACATAGGGCAGCAAACCTCCGATCCGACAGTACTTAAGAAACCATAGTTTCTGTGTACAAGAGTAGTACCTATGTAATTC;"C>+?5DCDDDF>AFDCD<D5;?D?EB(CDFAC8CIE3HHGG)FJGHJF(DGJGF@FIF0BHJGIC@JI?I8IIJ#)IHJ:J?JAIJGHHAHHFDFF+@@@";AS:i:-2;XN:i:0;XM:i:1;XO:i:0;XG:i:0;NM:i:1;MD:Z:26A73;YT:Z:UP;
chrXIV-49308;81;TY5;78;1;100M;chrXIV;488680;0;GACAAGGAAAACATAGAGCAGCAAACCTCCGATCCGACAGTACTTAAGAAACCATAGTTTCTGTGTACAAGAGTAGTACCTATGTAATTCTTACATTTAC;"CD?<2DEE2CCCD?BDBDADDD,CABDCHCHAHD?=HFFHJCA<JICIJJHD*IJ;GCHIIH9IIIIAIFHJGHJEJIEIJJHJGJJHH2HHFF7F1@CC";AS:i:0;XN:i:0;XM:i:0;XO:i:0;XG:i:0;NM:i:0;MD:Z:100;YT:Z:UP;
chrV-63794;177;TY5;86;1;100M;chrV;269643;0;AAACATAGAGCAGCACACCTCCGATCCGACAGTCCTTAAGAAACCATAGTTTCTGTGTACAAGAGTAGTACCTATGTAATTCTTACATTTACATAACATA;@@DDEDDDDD@@DDC#E5D@D(CICDHFCHBDC(=8IJHH=IJJIFEHGGJIIJ9H?JGJHCCCBDHDJJJG<HH*JJJJJ1IBJ@3DHFHF2FFFFC@@;AS:i:-4;XN:i:0;XM:i:2;XO:i:0;XG:i:0;NM:i:2;MD:Z:15A17A66;YT:Z:UP;
chrV-40368;129;TY5;88;1;100M;chrV;269561;0;ACATAGAGCAGCAAACCTCCGATCCGACAGTACTTAAGAAACCATAGTTTCTGTGTTCAAGAGTAGTACCTATGTAATTCTTACATTTACATAACATATA;"B@@DFDBFAHHHHJ>JJJJGAIJJHI9@BIGJJJJI??3D8IIJGJIAHHFHCFFI(GJA;?J-JJF3)FC;C5(FHF(DCD9DFDAFH4;5?3:<&D?(";AS:i:-2;XN:i:0;XM:i:1;XO:i:0;XG:i:0;NM:i:1;MD:Z:56A43;YT:Z:UP;
chrV-98700;177;TY5;91;1;100M;chrV;269636;0;TAGAGCAGCAAACCTCCGATCCGACAGTACTTAAGAAACCATAGTTTCTGTGTACAAGAGTAGTACCTATGTAATGCTTACATTTACATAACATATAGAA;B?CCD<DDD?CB2@CDAH6CDFBBDCHDEHFIEDHJFGDD?CJGJHHJBB3GCJG@I(IJEE>IJ@IAG+HIFGJ+EEJJ,:J:GHHHHHHHFFFFFCCC;AS:i:-3;XN:i:0;XM:i:1;XO:i:0;XG:i:0;NM:i:1;MD:Z:75T24;YT:Z:UP;
chrV-47044;113;TY5;119;1;100M;chrV;269633;0;ACTTAAGAAACCATCGTTTCTGTGTACACGAGTAGTACCTATGTAAGTCTTACATTTACATAACATATAGAAAGGTCCAATAAACTTACAACATTATGAC;"D;B:DCDD&DDF;B7DECD(FHDCHIJD)D2FAJE?D:J(DFJHFI,JHIGGJIGGJIHGC?>9IHCGJI@J>BIIGII7IJJIJJJHGHFAFFFDFC@C";AS:i:-9;XN:i:0;XM:i:3;XO:i:0;XG:i:0;NM:i:3;MD:Z:14A13A17T53;YT:Z:UP;
chrV-100772;177;TY5;120;1;100M;chrV;269624;0;CTTAAGAAACCATAGTTTCTGTGTACAAGAGTAGTACCTATGCAATTCTTACATTTACATAACATATAGAAAGGTCCAATAAACTTACAACATTATGACA;"4@@DEDCC>)>DEDD9EDHC5FDD;H?CIADDCG=EEEDH?F(JJ*@FF;JGIHFIJJJGJJFJCICJEJIGIJIII+HJHH;JIHJH,H2AFFFFF@=C";AS:i:-2;XN:i:0;XM:i:1;XO:i:0;XG:i:0;NM:i:1;MD:Z:42T57;YT:Z:UP;
chrV-36112;65;TY5;122;1;100M;chrV;269524;0;TAAGAAACCATAGTTTCTGTGTACAAGAGTAGTACCTATGTAATTCTTACATTTACATAACATATAGAAAGGTCCAATAAACTTACAACATTATGACATA;"0C@FDFFD:HGFDIJJIJFJJJJCIJJIGIDGGGJIJJJJIBCJIJHAJIJIHIJ;HJHJDJDHBBC=>>9HCBE,@@@(H;DDEDDDDACD:DDC4EC@";AS:i:0;XN:i:0;XM:i:0;XO:i:0;XG:i:0;NM:i:0;MD:Z:100;YT:Z:UP;
chrXII-54564;161;TY5;124;1;100M;chrXII;367483;0;AGAAACCATAGTTTCTGTGTACAAGAGTAGTACCTATGTAATTCTTACATTTACATAACATATAGAAAGGTCCATTAAACTTACAACTTTATGACATATA;@?BFFFF+DBDHHJ<JJJIIHBIHJFCJJJ>)JIJJ0IJCJ3JIJJGHIJA?>JIJBJIJGJJFDHDDD>FDAD.)DDDBDFDDD0C(D5HCDEDBD?D<;AS:i:-5;XN:i:0;XM:i:2;XO:i:0;XG:i:0;NM:i:2;MD:Z:74A12A12;YT:Z:UP;
chrXIV-67720;161;TY5;128;1;100M;chrXIV;488831;0;ACCATAGTTTCTGTGTACAAGAGTAGTACCTATGTAATTCTTACATTTACATAACATATAGAAAGGTCCAATTAACTTACAACATTATGACATATAAGCT;CB+=DFFFHHHHHJJJ:GGIAJJHJHHDG#GEIGGJJ@JJJIGEHFJHIE@IDJD@GJEJJJ2DCDD<EBJD(DEDFE=D.CCBCDDDDDDBDDDE082D;AS:i:-2;XN:i:0;XM:i:1;XO:i:0;XG:i:0;NM:i:1;MD:Z:72A27;YT:Z:UP;
chrV-4686;65;TY5;142;1;100M;chrV;269510;0;GTACAAGAGTAGTACCTATGTAATTCTTACATTTACATAACATATAGAAAGGTCCAATAAACTTACAACATTATGACATATAAGCTAGATCGTAATTCAC;"B=<DFAFFA?HH.JIJIEJ>J@JJ@+I1GJIJJJ@GJJAJJIJJDCHJGDJEFHBGHJGJH?IFJIIGF+FDEDBEDFD;;DCD?DHDCDD4DCDDBCAD";AS:i:0;XN:i:0;XM:i:0;XO:i:0;XG:i:0;NM:i:0;MD:Z:100;YT:Z:UP;
chrV-108418;129;TY5;150;1;100M;chrV;269523;0;GTAGTACCTATGTAATTCTTACATTTACATAACATATAGAAAGGTCCAATAAACTTACAACATTATGACATATAAGCTAGATCGTAATTCACTACGTCAA;"BCCFFFFFHGH8AIJI2JCJGAEHGGIIJE+HJJJHGJGBC'CFH?JHJ/BCBGIHJECIHC@FA2+GIDI;D;D(BCD?CFDDC><?DCE=D:DD>DC2";AS:i:0;XN:i:0;XM:i:0;XO:i:0;XG:i:0;NM:i:0;MD:Z:100;YT:Z:UP;
chrXII-16630;81;TY5;197;23;100M;=;5110;5009;AATAAACTTACAACATTATGACATATAAGCTAGATCGTAATTCACTACGTCAACAGGTTATGAGCCCTGAGAGCAATGCTTCAGAGACCATAATTAATCT;C?@DDBD<B?EFED(DDDCDEC3<FJH38ADDDJ@F(FBDC@JF3F@JJJIIH9DJJIIIJIFJJIGIE9HJ@IF<IFHEHIHJEIFFH.FHFFFDF@@@;AS:i:0;XN:i:0;XM:i:0;XO:i:0;XG:i:0;NM:i:0;MD:Z:100;YS:i:-60;YT:Z:DP
chrXII-95732;145;TY5;211;8;100M;=;5110;4995;ATTAAGACATATAAGCTAGATCGTAATTCACTACGTCAACAGGTTATGAGCCCTGAGAGCAATGCTTCAGAGACCATAATTAATCTATTTAATCCCAACA;DD>B&ACDDDD@DDEB+@)CD2CB?DH@JHDBFJJAFF=GAJEFIIDHGJ*FJJFJG>II>HDGGG9JGBBJFJ@*@GIA<<JJIFFH#CHHBFDFACCB;AS:i:-4;XN:i:0;XM:i:2;XO:i:0;XG:i:0;NM:i:2;MD:Z:4T83C11;YS:i:-60;YT:Z:DP
chrV-111274;113;TY5;5106;23;11M1I88M;chrV;269771;0;CAAAGTGTGGTGACTGTGGTATGTTGAATGTGATAACCCAAAAGCATGATATGGGTAATGTTTCAGTACTGTTTCAGAATTGTTTCAGTAATGTTTTAGA;"CCCE?@EDD>CA;C:=CED<@55CCDEE?J;DA?(EDICH.J=J;DICIG5IGHJJGIIJJJGJJDDIJGI:JJGJJFCJJIJIC<GHHHG6@DFDFC=C";AS:i:-55;XN:i:0;XM:i:10;XO:i:1;XG:i:1;NM:i:11;MD:Z:1G0T1T1C0A1T2T0G1G2G80;YS:i:-2;YT:Z:DP
chrXII-95732;97;TY5;5110;8;14M4I82M;=;211;-4995;ATAATTTTTGCCCGCACTAATGTTGATTGTGATAACCCAAAAGCATGATATGGGTAATGTATCAGTACTGTTTCAGAATTGTTTCAGTAATGTTTTAGAC;"C?@(FFFFFHHHHHJIJ@+JJ0JIIE+JCHHJIJJDEJ)HGIDG?@JJDJI;JHHGIHEJ(IJGFIIIEHC)DDDDDCDJBA9BDDDD?<D?ECDDADCD";AS:i:-60;XN:i:0;XM:i:10;XO:i:1;XG:i:4;NM:i:14;MD:Z:0T1C1G2A2G0G0G1G7A33T39;YS:i:-4;YT:Z:DP
chrXII-16630;161;TY5;5110;23;14M4I82M;=;197;-5009;ATAATTTTTGCCCGCACTAATGTTGAATGTGATAACCCAAAATCATGATATGGGTAATGTTTCAGTACTGTTTCAGAATTGTTTCAGTAATGTTTTAGAC;"C@BFDFFFHAFFHJJJJIJJI?FJJIHJJIBI?IGHB<)ICF'IDJICHH?=IGJH0DDJJFF7@JFD(E;BJ;JA2DDD@DDF>DC@ED;D@DECDCDD";AS:i:-60;XN:i:0;XM:i:9;XO:i:1;XG:i:4;NM:i:13;MD:Z:0T1C1G2A2G0G0G1G23G57;YS:i:0;YT:Z:DP
chrXII-60618;145;TY5;5112;23;13M5I82M;chrXII;367244;0;TAATTTTCGACCGCATTAATGTTGAATGTGATAACCCAAAAGCATGATATGGGTAATGTTTCAGTACTGTTTTAGAATTGTTTCAGTAATGTTTTAGACA;C+>DDDC#5&ADCCD(DHBDD2CADDICFJHF>DEJIEIFHJ=FJHIIFADDHIE?JJG4JGBDI*CFJJG?#IJ<AHI@JIJHJGJHD+HHFB2DB@CC;AS:i:-50;XN:i:0;XM:i:8;XO:i:1;XG:i:5;NM:i:13;MD:Z:0C1G2A1G1G0G0G55C27;YS:i:-4;YT:Z:DP
chrXIV-116008;81;TY5;5112;23;5M1I8M5I81M;chrXIV;488589;0;CAGTTGATCGTAAACTACAATGTTGAATGTGATAACCCAAAAGCATGATATGGGTAATGTTTCAGTACTGTTTCAGAATTGTTTCAGTAATGTTTTAGAC;"C@C>CDDADDDBA9>DDCBCCCCB.DDHEBHAHFF@JJGGFH>IHJDBJJJ*EJJAJF;GHCIIIJIGH)HJ8GHGJHFJI:GBJI<HHHHHFF+DDCCC";AS:i:-52;XN:i:0;XM:i:5;XO:i:2;XG:i:6;NM:i:11;MD:Z:7G1G0G0G0G81;YS:i:-3;YT:Z:DP
chrXIV-109550;81;TY5;5112;23;5M1I4M5I85M;chrXIV;488611;0;CAGTTGATCGTAAACTACAATGTTGAATGTGATAACCCAAAAGCATGATATGGGTAATGTTTCAGTACTGTTTCAGAATTGTTTCAGTAATGTTTTAGAC;"&BD/A;2DDFCDCF9DDD)DF3FJCIF?FDFJ7DJDC7D&GFIIDII@HJIJGJDGDDIJGEJI<JJGIJFJB9+CAJIIIJJ:JJJHHFHHD2FFF;1C";AS:i:-50;XN:i:0;XM:i:5;XO:i:2;XG:i:6;NM:i:11;MD:Z:7G1G0G0G0G81;YS:i:-2;YT:Z:DP
chrXIV-19604;145;TY5;5112;23;5M1I8M5I81M;chrXIV;488584;0;CAGTTGATCGTAAACTACAATGTTGAAAGTGATAACCCAAAAGCATGATATGGGTAATGTTTCAGTACTGTTTCAGAATTGTTTCAGTAATGTTTTAGAC;DDAD<BDEDBE@H>@DDD?&EH,D><C(=DB'EJHBGF)FDI+BHJHHHBJBIJB>JJI?JDDEGCB?AFH?AFIJ?GIHI3JIJFGH<HHHF:?D:CC1;AS:i:-54;XN:i:0;XM:i:6;XO:i:2;XG:i:6;NM:i:12;MD:Z:7G1G0G0G0G8T72;YS:i:0;YT:Z:DP
chrXII-125526;145;TY5;5118;0;6M4I90M;chrXII;367261;0;TGCCCGCACTAATGTTGAATGTGATAACCCAAAAGCATGATATGGGTAATGTTTCAGTACTGTTTCAGAATAGTTTCAGTAATGTTTTAGACAAGGAAAA;"A3(?DDDE<&EJAD(D@CBA;??BCBFHF9I:DDGHDG(AIFJICIEJC72JJJHGHIJIIGGI:0IBJID#BGGFGEJHFBFGHJIHHHCHDF0FB;CC";AS:i:-36;XN:i:0;XM:i:5;XO:i:1;XG:i:4;NM:i:9;MD:Z:2G0G0G1G60T28;YT:Z:UP;
chrXIV-94630;145;TY5;5118;0;100M;chrXIV;488599;0;AACTACAATGTTGAATGTGATAACCCAAAAGCATGATATGGGTAATGTTTCAGTACTGTTTCAGAATTGTTTCAGTAATGTTTTAGACAAGGAAAACATA;"CDCD6DDBC@DDD@D9DFAEDH(A:<D(DH(EFH>HCEIJHFJHHIJJBCIGJJI7II'JADGJHI*HJFJ;JFJIHHBJIJJJCJ<HHHHFFFF+FCCC";AS:i:-34;XN:i:0;XM:i:7;XO:i:0;XG:i:0;NM:i:7;MD:Z:0T0G0G0G0G0G0G93;YT:Z:UP;
chrXIV-108674;81;TY5;5121;0;4M3I93M;chrXIV;488614;0;AACTACAATGTTGAATGTGATAACCCAAAAGCATGATATCGGTAATGTTTCAGTACTGTTTCGGAATTGTTTCAGTAATGTTTTAGACAAGGAAAACATA;B8?+DDDBD=@DD>BBCD&5DCHD7D>DFDFCBEAFIH7(G3HDIIDF.I?JCFHIJIJGF@>IJIHJA)HDGJ1HIIF@IJIJIJJHFHFHFFDFFB@C;AS:i:-37;XN:i:0;XM:i:6;XO:i:1;XG:i:3;NM:i:9;MD:Z:0G0G0G0G32G22A37;YT:Z:UP;
chrV-112020;113;TY5;5123;18;100M;chrV;269751;0;GTATGTTGTATGTGATAACCCAAAAGCATGATATGGGTAATGTTTCAGTACTGTTTCAGAATTGTTTCAGTAATGTTTTAGACAAGGAAAACATAGAGCA;"+A(DCDDD(DDDDACEDFECDDD-BD&FI.CCI>6HIJJFJGBJHG,EFDJH;J0JIJGIABDCGAJGJGF8JJJF=JIJCJIGG@I2HDGHF>F+DB:C";AS:i:-7;XN:i:0;XM:i:2;XO:i:0;XG:i:0;NM:i:2;MD:Z:1G6A91;YT:Z:UP;
chrXIV-26732;81;TY5;5144;1;100M;chrXIV;488627;0;AAAAGCATGATATGGGTAATGTTTCAGTACTGTTTCAGAATTGTTTCAGTAATGTTTTAGACAAGGAAAACATAGAGCAGCAAACCTCCGATCCGACAGT;",(DDDDDDEC>D5CFCDC6F=FCGCCD.CCJDD?>HH:GEDIHIHHEJDBGDD0GI;><JJJDJH3BGJJJJF0GJFCI6JHJJJGICFFHADDFAD@B9";AS:i:0;XN:i:0;XM:i:0;XO:i:0;XG:i:0;NM:i:0;MD:Z:100;YT:Z:UP;
chrV-63306;113;TY5;5149;1;100M;chrV;269716;0;CATGATATGGGTAATGTTTCAGTACTGTTTCAGAATTGTTTCAGTAATGTTTTAGACAAGGAAAACATAGAGCAGCAAACCTCCGATCCGACAGTACTTA;@D:?3?A>EC<EDD@ED@DFDF.B3FCAFFE+FJJJCI)(JGIIJ(AJIJJ>JE)J)III8I9JI?JEJIGBIJIEGHJIJI@JGIEFHHHF6FFFB@CC;AS:i:0;XN:i:0;XM:i:0;XO:i:0;XG:i:0;NM:i:0;MD:Z:100;YT:Z:UP;
chrV-94002;113;TY5;5152;1;100M;chrV;269726;0;GATATGGGTAATGTTTCTATACTGTTTCAGAATTGTTTCAGTAATGTTTTAGACAGGGAAAACATAGAGCAGCAAACCTCCGATCCGACAGTACTTAAGA;@DDD?CDDCAEE38D0F,(?CADDCJCDB?BGD@HD8GJEAJE(AH.IIJHJIID-ICEII3)<??IIGJ:DJJJIJGFJ<JIJJ3JBHFHHFFFFFCC?;AS:i:-8;XN:i:0;XM:i:3;XO:i:0;XG:i:0;NM:i:3;MD:Z:17A0G36A44;YT:Z:UP;
chrV-53750;113;TY5;5152;1;100M;chrV;269710;0;GATATGGGTAATGTTTCAGTACTGTTTCAGAATTGTTTCAGTAATGTTTTAGACAAGGAAAACATAGAGCAGCAAACCTCCGATCCGACAGTACTTAAGA;"@DDCCDD@DD?DDED;>EDEBADBCCAHDHEHBJFBD.3J)DIIIJFEHH=JIF;JJGEJIIB*IICG-JFGIJFHHJFJJJJJIJI.HHHH?FFBFB=C";AS:i:0;XN:i:0;XM:i:0;XO:i:0;XG:i:0;NM:i:0;MD:Z:100;YT:Z:UP;
chrXII-158116;81;TY5;5160;1;100M;chrXII;367310;0;TAATGTTTCAGTACTGTTTCAGAATTGTTTCAGTAATGTTTTAGACAAGGAAAACATAGAGCAGCAAACCTCCGATCCGACAGTACTTAAGAAACCATAG;EC+D+DDEC:DDDD9DEDFF@FC<?E?HFGF7DDC8@ECJC5E9IHJJE9H1IIJGJG@IGDJEFJJGDEHCGJFJFJHGIJ@CJIGF+HHBFFFFFCC1;AS:i:0;XN:i:0;XM:i:0;XO:i:0;XG:i:0;NM:i:0;MD:Z:100;YT:Z:UP;
chrV-108304;177;TY5;5161;1;100M;chrV;269720;0;AATGTTTCAGTACTGTTTCAGAATTGTTTCAGTAATGTTTTAGACAAGGAAAACATAGAGCAGCAAACCTCCGATCCGACAGTACTTAAGAAACCATAGT;"C?DDDC@0+DD(<D1BA;D<F35CE'D>CHGIDECIDHF+FJJJFJI<DF3GE7JHIIGGGCII:IFGEI<IH)<GIF2JCJIJHGBFADHHBFDFDC@B";AS:i:0;XN:i:0;XM:i:0;XO:i:0;XG:i:0;NM:i:0;MD:Z:100;YT:Z:UP;
chrXIV-22570;81;TY5;5163;1;100M;chrXIV;488649;0;TGTTTCAGTACTGTTTCAGAATTGTTTCAGTAATGTTTTAGACAAGGAAAACATAGAGCAGCAAACCTCCGATCCGACAGTACTTAAGAAACCATAGTTT;D@4D@ACCDC85@5DCDBHDB>BD9DHDG@B(JIDIGJCGC(GJDDFDJJBI-JJIIIDJDHIACGI:JG0HJEH:GI:HJHJIA<HHHH@=DDFAF@7@;AS:i:0;XN:i:0;XM:i:0;XO:i:0;XG:i:0;NM:i:0;MD:Z:100;YT:Z:UP;
chrXIV-71202;145;TY5;5164;1;100M;chrXIV;488663;0;GTTTCAGTACTGTTTCAGAATTGTTTCAGTAATGTTTTAGACAAGGAAAACATAGAGCAGCAAACCTCCGATCCGACAGGACTTAAGAAACCATAGTTTC;C?DDAC5&CDD@DDBDFH?FADHDHD)?I3HEJ<IC5CE=.JJ=IEG.HFJIJGGIHJFE<IJI0HJJCGCJFIIIIJ?+JIDAJIGFHHHHFDFADBC@;AS:i:-3;XN:i:0;XM:i:1;XO:i:0;XG:i:0;NM:i:1;MD:Z:79T20;YT:Z:UP;
chrXIV-94204;81;TY5;5172;1;100M;chrXIV;488675;0;ACTGTTTCAGAATTGTTTCAGTAATGTTTTAGACAAGGAAAACATAGAGCAGCAAACCTCCGATCCGACAGTACTTAAGAAACCATAGTTTCTGTGTACA;"DCC8BD;DD<5DDDD;E-D>FDDC;C?.;BED=FJDCJIIHG8EIIHI?AIHE;D=DJGI?)HIFJIIGFJGJIJ>IHJJJIEEJHJHHHDHFFFFF@C0";AS:i:0;XN:i:0;XM:i:0;XO:i:0;XG:i:0;NM:i:0;MD:Z:100;YT:Z:UP;
chrV-5714;113;TY5;5174;1;100M;chrV;269702;0;TGTTCCAGAATTGTTTCAGTAATGTTTTAGACAAGGAAAACATAGAGCAGCAAACCTCCGATCCGACAGTACTTAAGAAACCATAGTTTCTGTGTACAAG;"B&D>(9?EE6,DBCDDDC>>ED?C@C?(JI@<JGJ9>;JDIHJHIFHGHHJEFJEFGEJJJIAJIJDJGEHBJI=GJ1IFD?JJI)IHGFH<*DFFFC@?";AS:i:-2;XN:i:0;XM:i:1;XO:i:0;XG:i:0;NM:i:1;MD:Z:4T95;YT:Z:UP;
chrV-43830;177;TY5;5182;1;100M;chrV;269698;0;AATTGTTTCAGTAATGTTTTAGACAAGGAAAACATAGAGCAGCAAACCTCCGATCCGACAGTACTTAAGAAACCATAGTTTCTGTGTACAAGAGTAGTAC;"DDC@BEACBDCDDED<E<@EABED>'H?DCFCCEJJGHJJJHJH=IJ(II8I>IIJGHHC0@FFJE)JJG*GH@I>JJJCJH:BF@IDHFHHD;D@FCC@";AS:i:0;XN:i:0;XM:i:0;XO:i:0;XG:i:0;NM:i:0;MD:Z:100;YT:Z:UP;
chrV-29178;177;TY5;5182;1;100M;chrV;269686;0;AATTCTTTCAGTAATGTTTTAGACAAGGAAAACATAGAGCAGCAAACCTCCGATCCGACAGTACTTAAGAAACCATAGTTTCTGTGTACAAGAGTAGTAC;DDCD&FDECADD:DCD:FEDFDIIED(DGDFHID6+FECHAJGHIGJG0CIJIGJ=IGJJIAIJJIJJEG9IG6J?HHJCIFJIJHDHHHDHDA2+D@CB;AS:i:-2;XN:i:0;XM:i:1;XO:i:0;XG:i:0;NM:i:1;MD:Z:4G95;YT:Z:UP;
chrXII-116614;145;TY5;5189;1;100M;chrXII;367355;0;TCAGTAATGTATTAGACAAGGAAAACATAGAGCAGCAAACCTCCGATCCGACAGTACTTACGAAACCATAGTTTCTGTGTACAAGAGTAGTACCTATGTA;3DDCBD@DDD4DCDDCDHDEC(CDECDBHD(FDJAI@GFJDE835IJIGEFJD09GG)DD*?GIIIEFE<JEGGCFAHHJAGJJI<DDHAHFFFFDD?B+;AS:i:-5;XN:i:0;XM:i:2;XO:i:0;XG:i:0;NM:i:2;MD:Z:10T49A39;YT:Z:UP;
chrV-1830;177;TY5;5193;1;100M;chrV;269670;0;TAGTGTTTTAGAAAAGGAAAACATAGAGCAGCAAACCTCCGATCCGACAGTACTTAAGAAACCATAGTTTCTGTGTACAAGAGTAGTACCTATGTAATTC;B4&<D(>ADDDC(DDD>CD?DD?FEHDGEJD>AJ#GDDHAJ3JDGD@JH))JJDGJEGFGIG@IIIJ@IIGIIH?IIAJJCJHJJJIHHHF?FFFF?BC+;AS:i:-4;XN:i:0;XM:i:2;XO:i:0;XG:i:0;NM:i:2;MD:Z:2A9C87;YT:Z:UP;
chrXII-187358;81;TY5;5197;1;100M;chrXII;367339;0;GTTTTAGACAAGGAAAACATAGAGCAGCAAACCTCCGATCCGACAGTACTTAAGCAACCATAGTTTCTGTGTACAAGAGTAGTACCTATGTAATTCTTAC;DADDCDACDDD(DDDA(DDJDCEF&@HEHJ)=IFDJ8DIIDJDCICI)J?CJGH'FGJII<GIJI0=F8JI>G2IIIIJJJJJ<BAJHHFHBFFFDF@CC;AS:i:-2;XN:i:0;XM:i:1;XO:i:0;XG:i:0;NM:i:1;MD:Z:54A45;YT:Z:UP;
chrV-5164;177;TY5;5201;1;100M;chrV;269661;0;TAGACATGGAAAACATAGAGCAGCAAACCTCCGATCCGACAGTACTTAAGAAACCATAGTTTCTGTGTACAAGAGTAGTACCTATGTAATTCTTACATTT;DD4DCC#CDEDBEDGHDD>DA>CDDBCBD?AHDHI)J.HB2?FJJBJ,G)DII/ABI@*JIHJGJJGIJHJBBC>JJJJJGFIHG+EHHHHFFD+DFCCC;AS:i:-2;XN:i:0;XM:i:1;XO:i:0;XG:i:0;NM:i:1;MD:Z:6A93;YT:Z:UP;
chrV-9150;113;TY5;5203;1;100M;chrV;269690;0;GACAAGGAAAACATAGAGCAGCAAACCTCCGATCCGACAGTACTTAAGAAACCATAGTTTCTGTGTACAAGAGTAGTACCTATGTAATTCTTACATTTAC;+C<CDDCD?@F,@<DCDDDB<CDCAIFGDCCFFF+?D>H?(JFJEJIHHDIIJIIIHGHJIIIHFJICAJJ@IIEJHHJJG+2GBEBHHHFFFFFAFCB0;AS:i:0;XN:i:0;XM:i:0;XO:i:0;XG:i:0;NM:i:0;MD:Z:100;YT:Z:UP;
chrXII-73100;161;TY5;5210;1;100M;chrXII;367460;0;AAAACATAGAGCAGCAAACCTCCGATCCGACAGTACTTAAGAAACCATAGTTTCTGTGTACAAGAGTAGTACCTATGTAATTCTTACATTTACATAACAT;@C+FFFFFHFHHHCGFIJGHJE@CJAI?<J0HJ5JGJH1IJJCD9HHIHJ7F9BI3EDAFBBJ7CJDCDEJ@D@DDF.ACHCE(DC5EDACECB(D>C2D;AS:i:0;XN:i:0;XM:i:0;XO:i:0;XG:i:0;NM:i:0;MD:Z:100;YT:Z:UP;
chrV-26596;129;TY5;5211;1;100M;chrV;269569;0;AAACATAGAGCAGCAAACCTCCGATCCGACAGTACTTAAGAAACCATAGTTTCTGTGTACAAGAGTAGTACCTATGTAATTCTTACATTTACATAACATA;"B?@F+DEFFFHHHJ@JIJJJ>F+JCJJIHJE?JH)JIGJJIIJ?G/-0IJHI=IIEHFJJCC;BI<@DE7D@FCC;CC>:BFFCDDD?(D?@EBCDCD:&";AS:i:0;XN:i:0;XM:i:0;XO:i:0;XG:i:0;NM:i:0;MD:Z:100;YT:Z:UP;
chrV-34594;177;TY5;5211;1;100M;chrV;269655;0;AAACATAGAGCAGCAAACCTCCGATCCGACAGTACTTAAGAAACCATAGTTTTTGTGTACGAGAGTAGTACCTATGTAATTCTTACATTTACATAACATA;"<D@DC+?C>DCDACBA:(;DH?CH?D?@DBHDBBE(JH;ECJG)ED=G7IE-#JIJ*JG*)HJDGJJGGAJEIDJJDC@,JIG+JJIHHH<HBADFFCB?";AS:i:-4;XN:i:0;XM:i:2;XO:i:0;XG:i:0;NM:i:2;MD:Z:52C7A39;YT:Z:UP;
chrV-10510;129;TY5;5223;1;100M;chrV;269539;0;GCAAACCTCCGATCCGACAGTACTTAAGAAACCATAGTTTCTGTGTACAAGAGTAGTACCTATGTAATTCTTACATTTACATAACATATAGAAAGGTCCA;"@@CDDFBFFDFHH<IJHCGGDJJJJFJ6IGC?IJHJGIIIJJAJ(IHFJJH=IG+HIJIDDJF(HJJ5FEHEDJDDEIHDEDED8E>DDD;9DD:BD2C@";AS:i:0;XN:i:0;XM:i:0;XO:i:0;XG:i:0;NM:i:0;MD:Z:100;YT:Z:UP;
chrXII-214484;145;TY5;5224;1;100M;chrXII;367377;0;CAAACCTCCGATCCGACAGTACTTAAGAAACCATAGTTTCTGTGTACAAGAGTAGTACCTATGTAATTCTTACATTTACATAACATATAGAAAGGTCCAA;DA?B+ECDCC:CD4DDFDCFAD>).BFF:FJEBDJEEJE)I.J<AJD(DHIBGJCD@<JHGIIJJJ9GFGCIJJJBIHGAGJJDJAHHHFHHFFFFFC@C;AS:i:0;XN:i:0;XM:i:0;XO:i:0;XG:i:0;NM:i:0;MD:Z:100;YT:Z:UP;
chrXII-126880;97;TY5;5235;1;100M;chrXII;367476;0;TCCGACCGTACTTAAGAAACCATAGTTTCTGTGTACAAGAGTAGTACCTATGTAATTCTTACATTTACATAACATATAGAAAGGTCCAATAAACTTACAA;"@CCFDF*FHDFFHIAE@JIGJGJHGIJJE@?IJJJFJJIGAJIJGJJIIGJDIII4<I)DI=IH<I3IHHBJFJE;EDDC5DDD?CDB-DDDHCD:BDE:";AS:i:-2;XN:i:0;XM:i:1;XO:i:0;XG:i:0;NM:i:1;MD:Z:6A93;YT:Z:UP;
chrXII-130602;81;TY5;5237;1;100M;chrXII;367377;0;CGACAGTACTTAAGAAACCATAGTTTCTGTGTACAAGAGTAGTACCTATGTAATTCTTACATTTACATAACATATAGAAAGGTCCAATAAACTTACAACA;CDADD5D@D5CADD8DCHD><>IE>DI<A>CI(?HFEIIDGI?JF=9AJHAGJIJ>BJJG@C?HJJJ9FJEJG1JEGI)IIIIJH+HHHHFHFDFFFCCB;AS:i:0;XN:i:0;XM:i:0;XO:i:0;XG:i:0;NM:i:0;MD:Z:100;YT:Z:UP;
chrXIV-135290;97;TY5;5241;1;100M;chrXIV;488818;0;AGTACTTAAGAAACCATAGTTTCTGTTTACAAGAGTAGTACCTATGTAATTCTTACATTTACATAACATATAGAAAGGGCCAATAAACTTACAACATTAT;CCCFAFFBH)HHHGBIJFFJGG@JJJ+JBJFJGFJH.IIJIHJIJJ/HBDEGHF<FE=BFJFE@HAGHJBGEFD@BCA'EDBA5DCD5CDDB@2D&A>D?;AS:i:-5;XN:i:0;XM:i:2;XO:i:0;XG:i:0;NM:i:2;MD:Z:26G51T21;YT:Z:UP;
chrXII-26046;81;TY5;5241;1;100M;chrXII;367377;0;AGTACTTAAGAAACCATAGTTTCTGTGTACAAGAGTAGTACTGATGTAATTCTTACATTTACATAACATATAGAAAGGTCCAATAAACTTACAACATTAT;"D8(DCC8>DDDEDDEDC<D<D@;CADCFHG+JGFHBFEDJJ()7DJ?DHF(7JHAIJIIJ7G@H?FJIIGJJJFJ+FJGIJIJ<JIJHHGHHDFFFFCCC";AS:i:-4;XN:i:0;XM:i:2;XO:i:0;XG:i:0;NM:i:2;MD:Z:41C0T57;YT:Z:UP;
chrV-69142;129;TY5;5243;1;100M;chrV;269536;0;TACTTAAGAAACCATAGTTTTTGTGTACAAGAGTAGTACCTATGTAATTCTTACATTTACATAACATATAGAAAGGTCCAATAAACTTACAACATTATGA;"?CBFFFFFH0DHBJ:@EHG++<JIEICGAJBGII*BEJ<JJEGJ/H9DJFBJGAIJIJ6JGCC?JCD@6D7JGDHF>(9;CC;FDDDBDD@7HC@DDD5D";AS:i:-3;XN:i:0;XM:i:1;XO:i:0;XG:i:0;NM:i:1;MD:Z:20C79;YT:Z:UP;
chrXIV-18620;145;TY5;5243;1;100M;chrXIV;488725;0;TACTTAAGAAACCATAGTTTCTGTGTACAAGAGTAGTACCTATGTAATTCTTACATTTACATAACATATAGAAAGGTCCAATAAACTTACAACATTATGA;3D(CD@D@CCCD:DD@BDEDECHBHCD@DHEF7HHEICJICH6JG.GHIEJHGHIIJIIIIJJIJHI+*CIGB+HJE)JG0EJJIJ<F8HHAFFFFFB@B;AS:i:0;XN:i:0;XM:i:0;XO:i:0;XG:i:0;NM:i:0;MD:Z:100;YT:Z:UP;
chrXII-107184;145;TY5;5244;1;100M;chrXII;367383;0;ACTAAAGAAACCATAGTTTCTGTGTACAAGAGTAGTACCTATGTAATTCTTACATTTACATACCATATAGAAAGGTCCAATAAACTTACAACATTATGAC;"<D?(D@DDDD:DDFCDDDD@EEJDEJH5JDH>JJ>=E:GDJA>CFIJD)(CC.)HH(FCJIJ'JH1I;BGCIJIG?IJ3JJEIH)EGDHGHHDFDFF@C@";AS:i:-4;XN:i:0;XM:i:2;XO:i:0;XG:i:0;NM:i:2;MD:Z:3T58A37;YT:Z:UP;
chrV-92430;65;TY5;5250;1;100M;chrV;269517;0;GAAACCATAGTTTCTGTGTACAAGAGTAGTACCTATGTAATTCTTACATTTACATAACATATAGAAAGGTCCAATAAACTTACAACATTATGACATATAC;"@C1DFFDFHGFHHJGHJ<JIIHJIEJJIIHFJJFDHJIEIJH>IGGJ:GJH.DHIGDGJJJBIJFJCCDEHC;IHCAGDEE>E+DDD&FDDDDDDAD8D(";AS:i:-2;XN:i:0;XM:i:1;XO:i:0;XG:i:0;NM:i:1;MD:Z:99A0;YT:Z:UP;
chrXII-41228;161;TY5;5251;1;100M;chrXII;367479;0;AAACCATAGTTTCTGTGTACAAGAGTAGTACCTATGTAATTCTTACATTTACATAACATATAGAAAGGACCAATAAACTTACAACATTATGACATATAAG;";C?F=FDFHHBDFJGGHI-JJJHIHJHJIJEJIGIJF8H9HIDJFI;I??GI*.FGJJDFHFBDJJ3C(EDDCECECDDDD9CD<D:EDCB?EDDDCD;C";AS:i:-2;XN:i:0;XM:i:1;XO:i:0;XG:i:0;NM:i:1;MD:Z:68T31;YT:Z:UP;
chrXII-38626;161;TY5;5251;1;100M;chrXII;367494;0;AAACCATAGTTTCTGTGTACAAGAGTAGTACCTATGTAATTCTTACATTTACATAACATATAGAAAGGTCCAATAAACTTACAACATTATGACATATAAG;"?@@DDFFFH>HHHIH9GDJGIA@JJHJJIJJJDG?HJI0IIHGF8JGG+AHHEJGDFF<JD;IGFI8EE>:BFDDFC+@C@(+DFDEAEH@@5EDDDD<A";AS:i:0;XN:i:0;XM:i:0;XO:i:0;XG:i:0;NM:i:0;MD:Z:100;YT:Z:UP;
chrXII-108042;161;TY5;5261;1;100M;chrXII;367489;0;TTCTGTGTACAAGAGTAGTACCTATGTAATTCTTACATTTACAAAACATATAGAAAGGTCCAATAAACTTACAACATTATGACATATAAGCTAGATCGTA;B@C?FFDFGHHHHEJJI?J<JJBIHJ.@DJHJ9*J0JEHE.D<*G&J8:I=.EEIJDIJGEDDFDCECF0FECFEGFDHF=9FDCD@D?:>DCC8DDD>C;AS:i:-2;XN:i:0;XM:i:1;XO:i:0;XG:i:0;NM:i:1;MD:Z:43T56;YT:Z:UP;
chrV-22164;129;TY5;5268;1;100M;chrV;269523;0;TACAAGAGTAGTACCTATGTAATTCTTACATTTACATAACATATAGAAAGGTCCAATAAACTTAGAACATAATGACATATAAGCTAGATCGTAATTCCCT;"C@CFFDFD=<H<FJJIJIICHACBDJCIJGJJJIGFJDI)EG8H@J?/FI@IIGJJF@HDHD@E,GHJID#@H6F(JH5CDB=CD:B;ADCD?DA@@(@9";AS:i:-7;XN:i:0;XM:i:3;XO:i:0;XG:i:0;NM:i:3;MD:Z:64C5T26A2;YT:Z:UP;
chrXII-120806;97;TY5;5278;6;100M;chrXII;367506;0;GTACCTATGTAATTCTTACATTTACATAACATATAGAAAGGTCCAATAAACTTACAACATTATGACATATAAGCTAGATCGTAATTCACTACGTCAACAT;"C@CAFDFDHH<HHIJF<IIJEJ>JIJJI8<JJGIJJJHCJFEDEJJHJG.IIIIGDHEJHFHDIBBH;GIH)?9BH(FEDFC;D;DEDED@CCD=DDDDD";AS:i:0;XN:i:0;XM:i:0;XO:i:0;XG:i:0;NM:i:0;MD:Z:100;YT:Z:UP;
chrXIV-154642;97;TY5;5280;17;100M;chrXIV;488869;0;ACCTATGTAATTCTTACATTTACATAACATATAGAAAGGTCCAATAAACTTACAACATTATGACATATAAGCTGGATCGTAATTCACTACGTCAACATCG;CC1FFFDDHHG<GJBIIJJ9EJI@IEIJ?EF(JGHHJIIIG1IJIJD=H>@IJIJDJEC7HG7EIEJF?FBDF(C@FDDCDD:DCFDCB.CDDDCC)B5?;AS:i:-2;XN:i:0;XM:i:1;XO:i:0;XG:i:0;NM:i:1;MD:Z:73A26;YT:Z:UP;
chrV-59366;129;TY5;5290;25;100M;chrV;269500;0;TTCTTACATTTACATAAAATATAGAAAGGTCAAATAAACTTACAACATTATGACATATAAGCTAGATCGTAATTCACTACGTCAACATCGTACACTTAAA;CCCFFFFFHHBDHHE+H)JGIJJG1F:HCH*)GIJ>HIIGGJH?CI@IJ=JFJJJJ@JGDDFDH7AIFHDJCCDDDCDA<E@DD:BDA>>DCD(>D>(B(;AS:i:-4;XN:i:0;XM:i:2;XO:i:0;XG:i:0;NM:i:2;MD:Z:17C13C68;YT:Z:UP;
chrV-47696;65;TY5;5301;42;100M;chrV;269502;0;ACATAACATATAGAAAGGTCCAATAAACTTACAACATTATGACATATAAGCTAGATCGTAATTCACTACGTCAACATCGTACACTTAAAATATATGTATG;?CCFB+FFHH<HHJ@JEGJFJHGHJJIIIJHJI5GJ9DJIJJIJIIJJ'H@JJGAIBIDJGIG@IJJI?HD+D>G@FDBF?DD5EDD5D:D>DDBDCBCD;AS:i:0;XN:i:0;XM:i:0;XO:i:0;XG:i:0;NM:i:0;MD:Z:100;YS:i:-5;YT:Z:DP
chrV-76154;129;TY5;5310;42;100M;chrV;269467;0;AAAGAAAGGTCCAAAAATCTTACAACATTATGACATATAAGCTAGATCGTAATTCACTACGTCAACATCGTACACTTAAAATATATGTATGTATCTGCAC;"@1CFD+FDHGGHD)2J3+JJJEEJJH+JBIHGI9DJ;J?JBHJGGJ<HJJCHBHGJ)HHA@8HJ?IICFJBID>BJ;DD8CFEDDBDDD;D(@ADC9DDD";AS:i:-9;XN:i:0;XM:i:3;XO:i:0;XG:i:0;NM:i:3;MD:Z:1T12T2A82;YS:i:-4;YT:Z:DP
chrXII-170778;161;TY5;5317;42;100M;chrXII;367560;0;GGTCCAATAAACTTACAACATTATGACATATAAGCTAGATCGTAATTCACTACGTCAACATCGTACACTTAAAATATATGTATCTATCTGCACTATTTAG;"@B;FF?AFH+FHDIJ(HFIFCJJJIJIGI<H)IIJIIJ<GJF*BJJBFAIGEGF9J6IDHJJHFDE@8DCDDEDDDDFHDDD(#F9F'DADD5A>CDBD?";AS:i:-2;XN:i:0;XM:i:1;XO:i:0;XG:i:0;NM:i:1;MD:Z:83G16;YS:i:0;YT:Z:DP
chrXII-116888;161;TY5;5325;42;100M;chrXII;367546;0;AAACTTACAACATTATGACATATCAGCTAGATCGTAATTCACTACGTCAACATCGTACACTTAAAATATATGTATGTATCTGCACTATTTAGTCTTGTTT;CCCDF)FFHHHHDFHIHG@GJJJ#JJJH2IJ.IJG?JG9IAHBGIH(AJ=FHJHJIEH6FCJFJHI7DB?>DFCGDHFDFH@DEDCC8(DD@C(>:DAD4;AS:i:-2;XN:i:0;XM:i:1;XO:i:0;XG:i:0;NM:i:1;MD:Z:23A76;YS:i:-4;YT:Z:DP
chrXIV-21884;97;TY5;5334;42;100M;chrXIV;488926;0;ACATTATGACATATAAGCTAGATCGTAATTCACTACGTCAACATCGTACACTTAAAATATATGTATGTATCTGCACTATTTAGTCTTGTTTTATTGGGTG;"@@:FFF?DF@HHFIJJCJJHJI(/;GJHJFJ:IJJ7DJDHJJDBFJ@HJJJIDJIDBFIJIFJDCHDDDEJDD?DD/EAED;DEJA>?DE9CC8DDD<=B";AS:i:0;XN:i:0;XM:i:0;XO:i:0;XG:i:0;NM:i:0;MD:Z:100;YS:i:-8;YT:Z:DP
chrV-71220;65;TY5;5337;40;93M3I4M;chrV;269446;0;TTATTACATATGAGCTAGATCGTAATTCACTACGTCAACATCGTACACTTAAAATATATGTATGTATCTGCACTATTTAGTCTTGTTTTATTGGGTGGCG;"C=@F(F?DHBH(CGJJIJ=?IIHIIJCIJIIJIJGIIHJGIGGJI=I:JJADDHJJFJGDF;BA+GJG>I6GADDHCB(C8@DCDCA>BDDDDD+DCDDD";AS:i:-23;XN:i:0;XM:i:3;XO:i:1;XG:i:3;NM:i:6;MD:Z:4G6A83T1;YS:i:-2;YT:Z:DP
