Column1;Column2;Column3;Column4;Column5;Column6;Column7;Column8;Column9;Column10;Column11;Column12;Column13;Column14;Column15;Column16;Column17;Column18;Column19;Column20
chrV-111274;177;chrV;269771;23;100M;TY5;5106;0;GAAAGTAGGTATACTTTCTCATTTGAAAAATATGTTAGTACGAAATGTTTCAATAGGAAGGAGTTCGAGAAAACTTTAAAAGAAATTTTCGTAACACAGA;DBDD:D(ECDDDCBDEF3DCH(DCDD.J)DJJAIHBDDEJBBJHFGFH>EIHG0EIGIJ<C?BJHGJG?CJIJICJGJJI+JDJIJJGGHHFFFBADC@B;AS:i:-2;XN:i:0;XM:i:1;XO:i:0;XG:i:0;NM:i:1;MD:Z:6T93;YS:i:-55;YT:Z:DP
chrV-111274;113;TY5;5106;23;11M1I88M;chrV;269771;0;CAAAGTGTGGTGACTGTGGTATGTTGAATGTGATAACCCAAAAGCATGATATGGGTAATGTTTCAGTACTGTTTCAGAATTGTTTCAGTAATGTTTTAGA;"CCCE?@EDD>CA;C:=CED<@55CCDEE?J;DA?(EDICH.J=J;DICIG5IGHJJGIIJJJGJJDDIJGI:JJGJJFCJJIJIC<GHHHG6@DFDFC=C";AS:i:-55;XN:i:0;XM:i:10;XO:i:1;XG:i:1;NM:i:11;MD:Z:1G0T1T1C0A1T2T0G1G2G80;YS:i:-2;YT:Z:DP
chrV-112020;113;TY5;5123;18;100M;chrV;269751;0;GTATGTTGTATGTGATAACCCAAAAGCATGATATGGGTAATGTTTCAGTACTGTTTCAGAATTGTTTCAGTAATGTTTTAGACAAGGAAAACATAGAGCA;"+A(DCDDD(DDDDACEDFECDDD-BD&FI.CCI>6HIJJFJGBJHG,EFDJH;J0JIJGIABDCGAJGJGF8JJJF=JIJCJIGG@I2HDGHF>F+DB:C";AS:i:-7;XN:i:0;XM:i:2;XO:i:0;XG:i:0;NM:i:2;MD:Z:1G6A91;YT:Z:UP;
chrV-112020;177;chrV;269751;42;100M;TY5;5123;0;TCTATTTGAAAATGTTTTCAGAAAGTTGGTATACTTACTCATTTGAAAAATATGTTAGTACGAAATGTTTCAATAGGAAGGAGTTCGAGAAGACTTTAAA;"AD8ED(?@FDDDDDDDFEH:D,EDFJHF=?DDI6HE0HHDIIJBJJII;IF-BII5JIDJFGIF))JIJJGIJ?I<JJH:JJGBJ2J+FHD#DFFD=C@@";AS:i:-5;XN:i:0;XM:i:2;XO:i:0;XG:i:0;NM:i:2;MD:Z:36T54A8;YT:Z:UP;
chrV-47696;129;chrV;269502;42;100M;TY5;5301;0;TCGATCAAGAAAGCTCTAATAATTCTTTACTTAACACAGTTGGCACATCTGGAACCACCGTGAGCTCTGGAAACAGTCTTGTGGGTCTTGGAAACAGTGG;"<:CFDF;ADFHFHJHJIEJ@GIGDAIJI#GE?GJJIHJIIDI**FGIJIGJ..DDBJ;JJF/0J'JEEHC>5,@:DEFCC@BCADDCDD@C@BD7BCDD@";AS:i:-5;XN:i:0;XM:i:2;XO:i:0;XG:i:0;NM:i:2;MD:Z:28C32A38;YS:i:0;YT:Z:DP
chrV-47696;65;TY5;5301;42;100M;chrV;269502;0;ACATAACATATAGAAAGGTCCAATAAACTTACAACATTATGACATATAAGCTAGATCGTAATTCACTACGTCAACATCGTACACTTAAAATATATGTATG;?CCFB+FFHH<HHJ@JEGJFJHGHJJIIIJHJI5GJ9DJIJJIJIIJJ'H@JJGAIBIDJGIG@IJJI?HD+D>G@FDBF?DD5EDD5D:D>DDBDCBCD;AS:i:0;XN:i:0;XM:i:0;XO:i:0;XG:i:0;NM:i:0;MD:Z:100;YS:i:-5;YT:Z:DP
chrV-59366;129;TY5;5290;25;100M;chrV;269500;0;TTCTTACATTTACATAAAATATAGAAAGGTCAAATAAACTTACAACATTATGACATATAAGCTAGATCGTAATTCACTACGTCAACATCGTACACTTAAA;CCCFFFFFHHBDHHE+H)JGIJJG1F:HCH*)GIJ>HIIGGJH?CI@IJ=JFJJJJ@JGDDFDH7AIFHDJCCDDDCDA<E@DD:BDA>>DCD(>D>(B(;AS:i:-4;XN:i:0;XM:i:2;XO:i:0;XG:i:0;NM:i:2;MD:Z:17C13C68;YT:Z:UP;
chrV-59366;65;chrV;269500;35;100M;TY5;5290;0;CTTCGATCAAGAAAGCTCTAATAATTCTTTCCTTAACACAGTTGGCACATCTGGAACCACCGTAAGCTCTGGAAACAGTCTTGTGGGTCTTGGAAACAGT;"<@@FFF:FFHHBHJJGEJJIJEJ)E:EJGJGH@JJIIJGJJ9=FJ<I?JGIIIHIJHJIJH>DIJ@DF;JE(&FCHEH8DCEBHCHDEDDDDD?CDCDBD";AS:i:0;XN:i:0;XM:i:0;XO:i:0;XG:i:0;NM:i:0;MD:Z:100;YT:Z:UP;
chrV-71220;129;chrV;269446;40;100M;TY5;5337;0;ATTTCTTGGCAGCTTCGGTTTGTTCCTTGACAACCTTCTTGACAATTTTTAGTTCTTCGATCAAGAAAGCTCTAATAATTCTTTCCTTAACACAGTTGGC;"CC@?B,2FF;<GFJJ#9+CHJJEJIFI(DEI1J9@=<BJGDJJGHIGIII(FGC@JHJJI#HIJHJ4I;IBDG:HCEC'C7(FD@+DDDCCD5@DD<DD@";AS:i:-2;XN:i:0;XM:i:1;XO:i:0;XG:i:0;NM:i:1;MD:Z:50T49;YS:i:-23;YT:Z:DP
chrV-71220;65;TY5;5337;40;93M3I4M;chrV;269446;0;TTATTACATATGAGCTAGATCGTAATTCACTACGTCAACATCGTACACTTAAAATATATGTATGTATCTGCACTATTTAGTCTTGTTTTATTGGGTGGCG;"C=@F(F?DHBH(CGJJIJ=?IIHIIJCIJIIJIJGIIHJGIGGJI=I:JJADDHJJFJGDF;BA+GJG>I6GADDHCB(C8@DCDCA>BDDDDD+DCDDD";AS:i:-23;XN:i:0;XM:i:3;XO:i:1;XG:i:3;NM:i:6;MD:Z:4G6A83T1;YS:i:-2;YT:Z:DP
chrV-76154;65;chrV;269467;42;100M;TY5;5310;0;GTTCCTTGACAACCTTCTTGACAATTTTTTGTTCTTCGATCAAGAAATCTCTAATAATTCTTTCCTTAACACAGTTGGCAGATCTGGAACCACCGTAAGC;"@CCFFFFDAH+HHE)JJHJJHJJJJJFJI=HJJ?GJJE)=?/JHCJH)AAJH<IFJHIICIA<HDEECHDDHD?CDIFE=(ED;D,F;DDCCEC?BEDDD";AS:i:-4;XN:i:0;XM:i:2;XO:i:0;XG:i:0;NM:i:2;MD:Z:47G32C19;YS:i:-9;YT:Z:DP
chrV-76154;129;TY5;5310;42;100M;chrV;269467;0;AAAGAAAGGTCCAAAAATCTTACAACATTATGACATATAAGCTAGATCGTAATTCACTACGTCAACATCGTACACTTAAAATATATGTATGTATCTGCAC;"@1CFD+FDHGGHD)2J3+JJJEEJJH+JBIHGI9DJ;J?JBHJGGJ<HJJCHBHGJ)HHA@8HJ?IICFJBID>BJ;DD8CFEDDBDDD;D(@ADC9DDD";AS:i:-9;XN:i:0;XM:i:3;XO:i:0;XG:i:0;NM:i:3;MD:Z:1T12T2A82;YS:i:-4;YT:Z:DP
chrXII-116888;81;chrXII;367546;42;100M;TY5;5325;0;GGAACCGCCCAGTAAAGATAATATATCTCGGAAAAATTCTGGGCACCTTGCAATATATGAGGGTGGTAATAAAGGTGGAAAGCCCGGCTTCTTATTTGAC;"BD>DDDE>DDDEDF>CEDCDDEHCC5DCD;HF3CIGCCHH>GI>5EJEDII3@JJEHGIJ6HJG)IJIABJ(IHDJ?GJFIJ<JGJJHF;AHFDFFFCC=";AS:i:-4;XN:i:0;XM:i:1;XO:i:0;XG:i:0;NM:i:1;MD:Z:43G56;YS:i:-2;YT:Z:DP
chrXII-116888;161;TY5;5325;42;100M;chrXII;367546;0;AAACTTACAACATTATGACATATCAGCTAGATCGTAATTCACTACGTCAACATCGTACACTTAAAATATATGTATGTATCTGCACTATTTAGTCTTGTTT;CCCDF)FFHHHHDFHIHG@GJJJ#JJJH2IJ.IJG?JG9IAHBGIH(AJ=FHJHJIEH6FCJFJHI7DB?>DFCGDHFDFH@DEDCC8(DD@C(>:DAD4;AS:i:-2;XN:i:0;XM:i:1;XO:i:0;XG:i:0;NM:i:1;MD:Z:23A76;YS:i:-4;YT:Z:DP
chrXII-16630;81;TY5;197;23;100M;=;5110;5009;AATAAACTTACAACATTATGACATATAAGCTAGATCGTAATTCACTACGTCAACAGGTTATGAGCCCTGAGAGCAATGCTTCAGAGACCATAATTAATCT;C?@DDBD<B?EFED(DDDCDEC3<FJH38ADDDJ@F(FBDC@JF3F@JJJIIH9DJJIIIJIFJJIGIE9HJ@IF<IFHEHIHJEIFFH.FHFFFDF@@@;AS:i:0;XN:i:0;XM:i:0;XO:i:0;XG:i:0;NM:i:0;MD:Z:100;YS:i:-60;YT:Z:DP
chrXII-16630;161;TY5;5110;23;14M4I82M;=;197;-5009;ATAATTTTTGCCCGCACTAATGTTGAATGTGATAACCCAAAATCATGATATGGGTAATGTTTCAGTACTGTTTCAGAATTGTTTCAGTAATGTTTTAGAC;"C@BFDFFFHAFFHJJJJIJJI?FJJIHJJIBI?IGHB<)ICF'IDJICHH?=IGJH0DDJJFF7@JFD(E;BJ;JA2DDD@DDF>DC@ED;D@DECDCDD";AS:i:-60;XN:i:0;XM:i:9;XO:i:1;XG:i:4;NM:i:13;MD:Z:0T1C1G2A2G0G0G1G23G57;YS:i:0;YT:Z:DP
chrXII-170778;81;chrXII;367560;42;100M;TY5;5317;0;AAGATAATATATCTCGGAAAAATTCTGGGGACCTTGCAATATATGAGGGTGGTAATAAAGGTGGAAAGCCCGGCTTCTTATTTGACTCCCACTTCTCAAT;5CDDDEDDD@EDDCEDBB@EEGDC?&DCJ:E@EJ>DDFHHIGJI=HHGHEBFII(J'FJJII1BHIJJJAJ+HHCJ3GFBJIHJJJ?DHDHHBFFFFCCC;AS:i:0;XN:i:0;XM:i:0;XO:i:0;XG:i:0;NM:i:0;MD:Z:100;YS:i:-2;YT:Z:DP
chrXII-170778;161;TY5;5317;42;100M;chrXII;367560;0;GGTCCAATAAACTTACAACATTATGACATATAAGCTAGATCGTAATTCACTACGTCAACATCGTACACTTAAAATATATGTATCTATCTGCACTATTTAG;"@B;FF?AFH+FHDIJ(HFIFCJJJIJIGI<H)IIJIIJ<GJF*BJJBFAIGEGF9J6IDHJJHFDE@8DCDDEDDDDFHDDD(#F9F'DADD5A>CDBD?";AS:i:-2;XN:i:0;XM:i:1;XO:i:0;XG:i:0;NM:i:1;MD:Z:83G16;YS:i:0;YT:Z:DP
chrXII-60618;97;chrXII;367244;23;100M;TY5;5112;0;TCATCATTGTTGCCTGAATCAGTCTCGATTTTATGAAATCCGGTAGCGGCTTTTTCACCCTCAGTTCCATTGAGACAACTGCTTACCGCTAAAGATTGGT;"@9?DFFFFH=HFGJEJ<AHI@FJI:GH*JJGG1IIIJIFJI(@9IFJIGBCHGB;GGGGDFJHFDC8CIC>DCBD(DDD9DFD;:DDDA<ED(DBCDCDD";AS:i:-4;XN:i:0;XM:i:2;XO:i:0;XG:i:0;NM:i:2;MD:Z:27G13A58;YS:i:-50;YT:Z:DP
chrXII-60618;145;TY5;5112;23;13M5I82M;chrXII;367244;0;TAATTTTCGACCGCATTAATGTTGAATGTGATAACCCAAAAGCATGATATGGGTAATGTTTCAGTACTGTTTTAGAATTGTTTCAGTAATGTTTTAGACA;C+>DDDC#5&ADCCD(DHBDD2CADDICFJHF>DEJIEIFHJ=FJHIIFADDHIE?JJG4JGBDI*CFJJG?#IJ<AHI@JIJHJGJHD+HHFB2DB@CC;AS:i:-50;XN:i:0;XM:i:8;XO:i:1;XG:i:5;NM:i:13;MD:Z:0C1G2A1G1G0G0G55C27;YS:i:-4;YT:Z:DP
chrXIV-109550;161;chrXIV;488611;23;100M;TY5;5112;0;ACTATCGCAGACTTTAATGAGAGATTCTTGGGCAACCCAGCCACAGTACACCATGAGGATAATCCTAATTTGTTACTTAGTATTAATGGCAGGATTAAAA;"?CCFFF+FH>H,AJJJ>JFJAEJJGJEGHIGIH90;J6IE?DEDC(;FIFBIH'JJJ.CDHHJ;HJAD,JH@@:DD;DFEH9DD:CC(CDA5A?>(>CC@";AS:i:-2;XN:i:0;XM:i:1;XO:i:0;XG:i:0;NM:i:1;MD:Z:45T54;YS:i:-50;YT:Z:DP
chrXIV-109550;81;TY5;5112;23;5M1I4M5I85M;chrXIV;488611;0;CAGTTGATCGTAAACTACAATGTTGAATGTGATAACCCAAAAGCATGATATGGGTAATGTTTCAGTACTGTTTCAGAATTGTTTCAGTAATGTTTTAGAC;"&BD/A;2DDFCDCF9DDD)DF3FJCIF?FDFJ7DJDC7D&GFIIDII@HJIJGJDGDDIJGEJI<JJGIJFJB9+CAJIIIJJ:JJJHHFHHD2FFF;1C";AS:i:-50;XN:i:0;XM:i:5;XO:i:2;XG:i:6;NM:i:11;MD:Z:7G1G0G0G0G81;YS:i:-2;YT:Z:DP
chrXIV-116008;161;chrXIV;488589;23;100M;TY5;5112;0;TTGCCAGGAGTATAAAGAAGTCACTATCGCACACTTTAATGAGAGATTCTTGGGCAACCCAGCCACATTACACCATGAGGATAATCCTAATTTGTTACTT;"@B:B?FDF=HHHHC:HGCJIJHI@JGIAJJI1GICGDGJFJIJJJJBC/JIIDF)DIHFGFJGIHICJ@@B?J9JH#@9,;HHCBHD0D;D0:<DDE<D:";AS:i:-3;XN:i:0;XM:i:1;XO:i:0;XG:i:0;NM:i:1;MD:Z:31G68;YS:i:-52;YT:Z:DP
chrXIV-116008;81;TY5;5112;23;5M1I8M5I81M;chrXIV;488589;0;CAGTTGATCGTAAACTACAATGTTGAATGTGATAACCCAAAAGCATGATATGGGTAATGTTTCAGTACTGTTTCAGAATTGTTTCAGTAATGTTTTAGAC;"C@C>CDDADDDBA9>DDCBCCCCB.DDHEBHAHFF@JJGGFH>IHJDBJJJ*EJJAJF;GHCIIIJIGH)HJ8GHGJHFJI:GBJI<HHHHHFF+DDCCC";AS:i:-52;XN:i:0;XM:i:5;XO:i:2;XG:i:6;NM:i:11;MD:Z:7G1G0G0G0G81;YS:i:-3;YT:Z:DP
chrXIV-154642;97;TY5;5280;17;100M;chrXIV;488869;0;ACCTATGTAATTCTTACATTTACATAACATATAGAAAGGTCCAATAAACTTACAACATTATGACATATAAGCTGGATCGTAATTCACTACGTCAACATCG;CC1FFFDDHHG<GJBIIJJ9EJI@IEIJ?EF(JGHHJIIIG1IJIJD=H>@IJIJDJEC7HG7EIEJF?FBDF(C@FDDCDD:DCFDCB.CDDDCC)B5?;AS:i:-2;XN:i:0;XM:i:1;XO:i:0;XG:i:0;NM:i:1;MD:Z:73A26;YT:Z:UP;
chrXIV-154642;145;chrXIV;488869;42;100M;TY5;5280;0;AAGAAAGGAGATTATATTGAGGGGCTCGGTTATCCCGGGTTTTCCCAATCCAGAGTCAAGATGCTGTCCTTGATATGTAATAAGCTACCTATAGTATTGT;"DDBBDDC8D+@>>DDHD5&DIH6EFCBDAHHBJHIIJFJGJIGCJHJJ;5IC8IGG?GIJJ*G=JGJGI?*IJJFJHJGJJJJJI+JCHHHHD=BDFC@+";AS:i:-6;XN:i:0;XM:i:2;XO:i:0;XG:i:0;NM:i:2;MD:Z:18A3C77;YT:Z:UP;
chrXIV-19604;97;chrXIV;488584;23;100M;TY5;5112;0;GATCTTTGCCAGGAGTATAAAGAAGTCACTATCGCAGACTTTAATGAGAGATTCTTGGGCAACCCAGCCACATTACACCATGAGGATAATCCTAATTTGT;"C?C1;DFFBH<GHIGJJJJHIJJ@JJCDHHICIFDIH=GIIHJHJCDJJJBDI8FH5HIFJAHFEJ=JJDDF(D@IDDEDDIE?3BD;DCDDDBB>>C;<";AS:i:0;XN:i:0;XM:i:0;XO:i:0;XG:i:0;NM:i:0;MD:Z:100;YS:i:-54;YT:Z:DP
chrXIV-19604;145;TY5;5112;23;5M1I8M5I81M;chrXIV;488584;0;CAGTTGATCGTAAACTACAATGTTGAAAGTGATAACCCAAAAGCATGATATGGGTAATGTTTCAGTACTGTTTCAGAATTGTTTCAGTAATGTTTTAGAC;DDAD<BDEDBE@H>@DDD?&EH,D><C(=DB'EJHBGF)FDI+BHJHHHBJBIJB>JJI?JDDEGCB?AFH?AFIJ?GIHI3JIJFGH<HHHF:?D:CC1;AS:i:-54;XN:i:0;XM:i:6;XO:i:2;XG:i:6;NM:i:12;MD:Z:7G1G0G0G0G8T72;YS:i:0;YT:Z:DP
chrXIV-21884;145;chrXIV;488926;42;100M;TY5;5334;0;AAGATGCTGTGCTTGATGTGTAATAAGCTACCTATAGTATTGTCTGTTTCGCAATTGCCGTGACCTTCCAGACTGAATGATGAAACCAAGATCAAATCTA;">DDD?DCDDB#D;>F9''.DB@FD;ED5I=HDHHCE@<IJAJJ,BJ/FHHIJ8?#/JDDGG)ABIAJDJJ;AIJJJEEJJJIJ0GJJGHFFFF*FDDC?C";AS:i:-8;XN:i:0;XM:i:4;XO:i:0;XG:i:0;NM:i:4;MD:Z:10C6A36C6T38;YS:i:0;YT:Z:DP
chrXIV-21884;97;TY5;5334;42;100M;chrXIV;488926;0;ACATTATGACATATAAGCTAGATCGTAATTCACTACGTCAACATCGTACACTTAAAATATATGTATGTATCTGCACTATTTAGTCTTGTTTTATTGGGTG;"@@:FFF?DF@HHFIJJCJJHJI(/;GJHJFJ:IJJ7DJDHJJDBFJ@HJJJIDJIDBFIJIFJDCHDDDEJDD?DD/EAED;DEJA>?DE9CC8DDD<=B";AS:i:0;XN:i:0;XM:i:0;XO:i:0;XG:i:0;NM:i:0;MD:Z:100;YS:i:-8;YT:Z:DP
